-- USER TABLE에 DATA 추가
--관리자
Insert into DREAM.USERS (USER_ID,PASSWORD,USER_NAME,USER_ROLE,EMAIL,PHONE,QUIT_YN) values ('admin','1ARVn2Auq2/WAqx2gNrL+q3RNjAzXpUfCXrzkA6d4Xa22yhRLy4AC50E+6UTPoscbo31nbOoq51gvkuXzJ6B2w==','관리자','A','dreamBooks.a@gmail.com','01038915076','N');

--고객
Insert into DREAM.USERS (USER_ID,PASSWORD,USER_NAME,USER_ROLE,EMAIL,PHONE,QUIT_YN) values ('user1','1ARVn2Auq2/WAqx2gNrL+q3RNjAzXpUfCXrzkA6d4Xa22yhRLy4AC50E+6UTPoscbo31nbOoq51gvkuXzJ6B2w==','고객1','U','user1@naver.com','01011112222','N');
Insert into DREAM.USERS (USER_ID,PASSWORD,USER_NAME,USER_ROLE,EMAIL,PHONE,QUIT_YN) values ('dmswl','1ARVn2Auq2/WAqx2gNrL+q3RNjAzXpUfCXrzkA6d4Xa22yhRLy4AC50E+6UTPoscbo31nbOoq51gvkuXzJ6B2w==','하은지','U','silverwise41@naver.com','01011112222','N');
Insert into DREAM.USERS (USER_ID,PASSWORD,USER_NAME,USER_ROLE,EMAIL,PHONE,QUIT_YN) values ('juwon','1ARVn2Auq2/WAqx2gNrL+q3RNjAzXpUfCXrzkA6d4Xa22yhRLy4AC50E+6UTPoscbo31nbOoq51gvkuXzJ6B2w==','박주원','U','wwoon9512@gmail.com','01011112222','N');
Insert into DREAM.USERS (USER_ID,PASSWORD,USER_NAME,USER_ROLE,EMAIL,PHONE,QUIT_YN) values ('yanghee','1ARVn2Auq2/WAqx2gNrL+q3RNjAzXpUfCXrzkA6d4Xa22yhRLy4AC50E+6UTPoscbo31nbOoq51gvkuXzJ6B2w==','김양희','U','rhkim10@naver.com','01032432343','N');
Insert into DREAM.USERS (USER_ID,PASSWORD,USER_NAME,USER_ROLE,EMAIL,PHONE,QUIT_YN) values ('zzanggu','1ARVn2Auq2/WAqx2gNrL+q3RNjAzXpUfCXrzkA6d4Xa22yhRLy4AC50E+6UTPoscbo31nbOoq51gvkuXzJ6B2w==','신짱구','U','shin@dream.books','01000002222','N');

--출판사
Insert into DREAM.USERS (USER_ID,PASSWORD,USER_NAME,USER_ROLE,EMAIL,PHONE,QUIT_YN) values ('publisher1','1ARVn2Auq2/WAqx2gNrL+q3RNjAzXpUfCXrzkA6d4Xa22yhRLy4AC50E+6UTPoscbo31nbOoq51gvkuXzJ6B2w==','사랑책출판사','P','loveBook@naver.com','01012341234','N');
Insert into DREAM.USERS (USER_ID,PASSWORD,USER_NAME,USER_ROLE,EMAIL,PHONE,QUIT_YN) values ('arte','1ARVn2Auq2/WAqx2gNrL+q3RNjAzXpUfCXrzkA6d4Xa22yhRLy4AC50E+6UTPoscbo31nbOoq51gvkuXzJ6B2w==','아르테','P','arte@gmail.com','01012341234','N');
Insert into DREAM.USERS (USER_ID,PASSWORD,USER_NAME,USER_ROLE,EMAIL,PHONE,QUIT_YN) values ('h_bird','1ARVn2Auq2/WAqx2gNrL+q3RNjAzXpUfCXrzkA6d4Xa22yhRLy4AC50E+6UTPoscbo31nbOoq51gvkuXzJ6B2w==','허밍버드','P','h_bird@naver.com','01012341234','N');
Insert into DREAM.USERS (USER_ID,PASSWORD,USER_NAME,USER_ROLE,EMAIL,PHONE,QUIT_YN) values ('woongjin','1ARVn2Auq2/WAqx2gNrL+q3RNjAzXpUfCXrzkA6d4Xa22yhRLy4AC50E+6UTPoscbo31nbOoq51gvkuXzJ6B2w==','웅진지식하우스','P','woongjin@naver.com','01012341234','N');
Insert into DREAM.USERS (USER_ID,PASSWORD,USER_NAME,USER_ROLE,EMAIL,PHONE,QUIT_YN) values ('shf','1ARVn2Auq2/WAqx2gNrL+q3RNjAzXpUfCXrzkA6d4Xa22yhRLy4AC50E+6UTPoscbo31nbOoq51gvkuXzJ6B2w==','놀','P','shf@naver.com','01012342222','N');
Insert into DREAM.USERS (USER_ID,PASSWORD,USER_NAME,USER_ROLE,EMAIL,PHONE,QUIT_YN) values ('moonandji','1ARVn2Auq2/WAqx2gNrL+q3RNjAzXpUfCXrzkA6d4Xa22yhRLy4AC50E+6UTPoscbo31nbOoq51gvkuXzJ6B2w==','문학과지성사','P','moonhakandjisung@naver.com','01012342222','N');
Insert into DREAM.USERS (USER_ID,PASSWORD,USER_NAME,USER_ROLE,EMAIL,PHONE,QUIT_YN) values ('publisher2','1ARVn2Auq2/WAqx2gNrL+q3RNjAzXpUfCXrzkA6d4Xa22yhRLy4AC50E+6UTPoscbo31nbOoq51gvkuXzJ6B2w==','문학동네','P','pub1@gmail.com','01012342222','N');
Insert into DREAM.USERS (USER_ID,PASSWORD,USER_NAME,USER_ROLE,EMAIL,PHONE,QUIT_YN) values ('publisher3','1ARVn2Auq2/WAqx2gNrL+q3RNjAzXpUfCXrzkA6d4Xa22yhRLy4AC50E+6UTPoscbo31nbOoq51gvkuXzJ6B2w==','문학판','P','pub2@gmail.com','01012342222','N');
Insert into DREAM.USERS (USER_ID,PASSWORD,USER_NAME,USER_ROLE,EMAIL,PHONE,QUIT_YN) values ('publisher4','1ARVn2Auq2/WAqx2gNrL+q3RNjAzXpUfCXrzkA6d4Xa22yhRLy4AC50E+6UTPoscbo31nbOoq51gvkuXzJ6B2w==','스튜디오오드리','P','pub3@gmail.com','01012342222','N');
Insert into DREAM.USERS (USER_ID,PASSWORD,USER_NAME,USER_ROLE,EMAIL,PHONE,QUIT_YN) values ('publisher5','1ARVn2Auq2/WAqx2gNrL+q3RNjAzXpUfCXrzkA6d4Xa22yhRLy4AC50E+6UTPoscbo31nbOoq51gvkuXzJ6B2w==','알에이치코리아','P','pub4@gmail.com','01012342222','N');
Insert into DREAM.USERS (USER_ID,PASSWORD,USER_NAME,USER_ROLE,EMAIL,PHONE,QUIT_YN) values ('publisher6','1ARVn2Auq2/WAqx2gNrL+q3RNjAzXpUfCXrzkA6d4Xa22yhRLy4AC50E+6UTPoscbo31nbOoq51gvkuXzJ6B2w==','애플북스','P','pub5@gmail.com','01012342222','N');
Insert into DREAM.USERS (USER_ID,PASSWORD,USER_NAME,USER_ROLE,EMAIL,PHONE,QUIT_YN) values ('publisher7','1ARVn2Auq2/WAqx2gNrL+q3RNjAzXpUfCXrzkA6d4Xa22yhRLy4AC50E+6UTPoscbo31nbOoq51gvkuXzJ6B2w==','열림원','P','pub6@gmail.com','01012342222','N');
Insert into DREAM.USERS (USER_ID,PASSWORD,USER_NAME,USER_ROLE,EMAIL,PHONE,QUIT_YN) values ('publisher8','1ARVn2Auq2/WAqx2gNrL+q3RNjAzXpUfCXrzkA6d4Xa22yhRLy4AC50E+6UTPoscbo31nbOoq51gvkuXzJ6B2w==','위즈덤하우스','P','pub7@gmail.com','01012342222','N');
Insert into DREAM.USERS (USER_ID,PASSWORD,USER_NAME,USER_ROLE,EMAIL,PHONE,QUIT_YN) values ('publisher9','1ARVn2Auq2/WAqx2gNrL+q3RNjAzXpUfCXrzkA6d4Xa22yhRLy4AC50E+6UTPoscbo31nbOoq51gvkuXzJ6B2w==','유노북스','P','pub8@gmail.com','01012342222','N');
Insert into DREAM.USERS (USER_ID,PASSWORD,USER_NAME,USER_ROLE,EMAIL,PHONE,QUIT_YN) values ('publisher10','1ARVn2Auq2/WAqx2gNrL+q3RNjAzXpUfCXrzkA6d4Xa22yhRLy4AC50E+6UTPoscbo31nbOoq51gvkuXzJ6B2w==','지혜','P','pub9@gmail.com','01012342222','N');
Insert into DREAM.USERS (USER_ID,PASSWORD,USER_NAME,USER_ROLE,EMAIL,PHONE,QUIT_YN) values ('publisher11','1ARVn2Auq2/WAqx2gNrL+q3RNjAzXpUfCXrzkA6d4Xa22yhRLy4AC50E+6UTPoscbo31nbOoq51gvkuXzJ6B2w==','콜라주','P','pub10@gmail.com','01012342222','N');
Insert into DREAM.USERS (USER_ID,PASSWORD,USER_NAME,USER_ROLE,EMAIL,PHONE,QUIT_YN) values ('publisher12','1ARVn2Auq2/WAqx2gNrL+q3RNjAzXpUfCXrzkA6d4Xa22yhRLy4AC50E+6UTPoscbo31nbOoq51gvkuXzJ6B2w==','포레스트북스','P','pub11@gmail.com','01012342222','N');
Insert into DREAM.USERS (USER_ID,PASSWORD,USER_NAME,USER_ROLE,EMAIL,PHONE,QUIT_YN) values ('publisher13','1ARVn2Auq2/WAqx2gNrL+q3RNjAzXpUfCXrzkA6d4Xa22yhRLy4AC50E+6UTPoscbo31nbOoq51gvkuXzJ6B2w==','흔들의자','P','pub11@gmail.com','01012342222','N');

--  AUTHOR TABLE 
Insert into DREAM.AUTHOR (AUTHOR_CODE,AUTHOR_NAME,AUTHOR_CONTENT) values ('1','조윤민','구글의 스타트업 지원팀인 구글 스타트업 캠퍼스에서 프로그램 리드로 일한다. 삽질을 하며 짜릿함을 느끼는 세탁소옆집 최고삽질책임자이자, 데드라인이 내일로 다가오면 그제야 집중력이 발휘되는 벼락치기 장인이다. 술 먹고 노는 게 좋아서 주인장 2와 쿵짝뚝딱 세탁소옆집을 만들어 지난 2년간 퇴근 후에도 즐겁게 놀며 일하고 있다.');
Insert into DREAM.AUTHOR (AUTHOR_CODE,AUTHOR_NAME,AUTHOR_CONTENT) values ('2','댄싱스네일','일러스트레이터이자 그림 에세이 작가. ‘미드’로 인생 배우기 유단자. ‘집순이’가 체질이자 숙명이며 우울함 속에 숨겨진 위트를 찾아내는 그림 그리기를 좋아한다.
꽤 오랜 기간 무기력증, 우울증, 불안증을 겪어 오며 매일 스스로에게 ‘나만 이상한 건가?’라는 물음을 던졌다. 내겐 다른 사람보다 시간이 조금 더 필요하다는 걸 충분히 이해해 주는 사람은 많지 않았다. 그런 나 자신을 위로하고 마음속 상념을 털어 내려는 지극히 개인적인 이유로 그림을 그리고 글을 쓰기 시작했다. 어른도 아이도 아닌, 세상 모든 ‘어른이’들에게 ‘너만 그런 게 아니니 괜찮아’라고 토닥일 수 있는 이야기가 되길 바라 본다.');
Insert into DREAM.AUTHOR (AUTHOR_CODE,AUTHOR_NAME,AUTHOR_CONTENT) values ('3','고재욱','글 쓰는 요양보호사. 강원도 원주의 한 요양원에서 치매 환자들을 돌보고 있다. 날마다 기억을 잃어가는 치매 노인들의 삶이 안타까워 그들의 사라져가는 이야기를 글로 기록하기 시작했다. 7년간 요양원에서 근무하며 틈틈이 써온 글을 카카오 브런치에 연재했다.');
Insert into DREAM.AUTHOR (AUTHOR_CODE,AUTHOR_NAME,AUTHOR_CONTENT) values ('4','김민섭','1983년 서울 홍대입구에서 태어났다. 대학에서 강의하고 연구하다가 2015년에 『나는 지방대 시간강사다』를 내고 대학 바깥으로 나왔다. 그 후 대리운전이라는 새로운 노동을 시작했고, 2016년 이 사회를 ‘거대한 타인의 운전석’으로 규정하며 『대리사회』를 썼다. 지금은 이런저런 노동을 하며 망원동에서 계속 글을 쓰고 있다.');
Insert into DREAM.AUTHOR (AUTHOR_CODE,AUTHOR_NAME,AUTHOR_CONTENT) values ('5','김하나','김하나 에세이스트. 『당신과 나의 아이디어』 『15도』 『내가 정말 좋아하는 농담』 『힘 빼기의 기술』 『여자 둘이 살고 있습니다』(공저) 등을 썼다. 불법 개농장에서 구조된 엄마에게서 태어난 개 ‘루뽀’와 일대일 결연을 맺었다.');
Insert into DREAM.AUTHOR (AUTHOR_CODE,AUTHOR_NAME,AUTHOR_CONTENT) values ('6','권라빈','영원한 보라색 달. 당신은 나와 내 글을 좋아하게 될 거야');
Insert into DREAM.AUTHOR (AUTHOR_CODE,AUTHOR_NAME,AUTHOR_CONTENT) values ('7','김경미','중앙일보 신춘문예에 시 [비망록]이 당선되어 작품 활동을 시작했다. 시집으로 『쓰다만 편지인들 다시 못쓰랴』(실천문학사), 『이기적인 슬픔을 위하여』(창비), 『쉿, 나의 세컨드는』(문학동네), 『고통을 달래는 순서』(창 비), 『밤의 입국심사』(문학과지성사)가 있으며, 에세이집으로 『바다, 내게 로 오다』, 『행복한 심리학』, 『심리학의 위안』, 『그 한마디에 물들다』, 『너 무 마음 바깥에 있었습니다』 등이 있고, 노작문학상, 서정시학 작품상을 수상했다.');
Insert into DREAM.AUTHOR (AUTHOR_CODE,AUTHOR_NAME,AUTHOR_CONTENT) values ('8','김수현','진지하지만 심각하지 않은 사람. 밝지만 가볍지 않은 사람. 미술학원에 다닌 적은없지만 그림 그리는 걸 좋아해서 이화여대 경영학부 진학을 포기하고 서울과기대에서 디자인을 전공했다. 문과와 디자인 중간쯤에 있다가, 지금은 일러스트를 그리고 글을 쓴다. 일러스트 에세이 『100% 스무 살』, 『안녕, 스무 살』, 『180』,『나는 나로 살기로 했다』를 펴냈다.');
Insert into DREAM.AUTHOR (AUTHOR_CODE,AUTHOR_NAME,AUTHOR_CONTENT) values ('9','김용택','1948년 전북 임실에서 태어났다. 순창농고를 졸업하고 초등학교 교사가 되면서 책을 읽기 시작했다. 책을 읽다가 떠오르는 생각을 글로 썼더니, 어느 날 시를 쓰고 있었다. 1982년 시인으로 등단했다. 시집으로 『섬진강』 『맑은 날』 『꽃산 가는 길』 『강 같은 세월』 『그 여자네 집』 『나무』 『키스를 원하지 않는 입술』 『울고 들어온 너에게』 등이 있고, 『김용택의 섬진강 이야기』(전8권) 『심심한 날의 오후 다섯 시』 『나는 당신이 어떤 사람인지 알면, 좋겠어요』 등 산문집 다수와 부부가 주고받은 편지 모음집 『내 곁에 모로 누운 사람』이 있다. 그 외 『콩, 너는 죽었다』 등 여러 동시집과 시 모음집 『시가 내게로 왔다』(전5권) 『어쩌면 별들이 너의 슬픔을 가져갈지도 몰라』 등을 냈다. 태어나고 자란 곳에서 평생 살았으면, 했는데 용케 그렇게 되었다. 많은 사람들에게 과분하게 사랑받았다고 생각하여 고맙고 부끄럽고, 또 잘 살려고 애쓴다.');
Insert into DREAM.AUTHOR (AUTHOR_CODE,AUTHOR_NAME,AUTHOR_CONTENT) values ('10','김은잔','1980년생, 17년째 고용 불안에 시달리는 프리랜서 방송 작가.
나이 마흔을 관통했지만, 무사히 잘 살고 있다. 마흔이 되면 뭔가 달라질 줄 알았는데 별로 달라진 게 없어서 조금은 고민이다. 그래도 괜찮지 않은 날보다 ‘괜찮은 날’이 더 많아서 이만하면 괜찮다고 생각한다. 30대 후반부터 막연하게 마흔에 대해 느끼고 경험하고 때론 뼈저리게 깨달은 이야기들을 기록하고 싶었고, 이 책은 그 결과물이다.
다음 브런치에서 ‘마흔 언저리의 연애’, ‘여자 나이 마흔’이란 주제로 글을 쓰고 있다. 일과 사랑, 결혼 그리고 미래를 고민하는 마음을 섬세하게 기록하여 여성 독자들의 공감을 얻었다.');
Insert into DREAM.AUTHOR (AUTHOR_CODE,AUTHOR_NAME,AUTHOR_CONTENT) values ('11','나태주','1971년 서울신문 신춘문예에 시가 당선되어 시인이 됐다. 1973년 첫 시집 『대숲 아래서』를 출간한 뒤, 『마음이 살짝 기운다』까지 41권의 창작시집을 출간했다. 산문집으로는 『시골 사람 시골 선생님』, 『풀꽃과 놀다』, 『사랑은 언제나 서툴다』, 『날마다 이 세상 첫날처럼』, 『꿈꾸는 시인』, 『죽기 전에 시 한 편 쓰고 싶다』, 『좋다고 하니까 나도 좋다』 등 10여 권을 출간했고, 동화집 『외톨이』(윤문영 그림), 『교장선생님과 몽당연필』(이도경 그림), 시화집 『사랑하는 마음 내게 있어도』, 『너도 그렇다』, 『선물』(윤문영 그림), 『나태주 육필시화집』 등을 출간했다.');
Insert into DREAM.AUTHOR (AUTHOR_CODE,AUTHOR_NAME,AUTHOR_CONTENT) values ('12','류시화','시인이자 명상가. 경희대학교 국문학과를 졸업했으며 1980년 한국일보 신춘문예 시 부문에 당선된 바 있다. 1980~1982년까지 박덕규, 이문재, 하재봉 등과 함께 시운동 동인으로 활동했으나 1983~1990년에는 창작 활동을 중단하고 구도의 길을 떠났다. 이 기간 동안 명상서적 번역 작업을 했다. 이때 『성자가 된 청소부』, 『나는 왜 너가 아니고 나인가』, 『티벳 사자의 서』, 『장자, 도를 말하다』, 『마음을 열어주는 101가지 이야기』, 『영혼을 위한 닭고기 스프』 등 명상과 인간의식 진화에 대한 주요 서적 40여 권을 번역하였다. 1988년 ''요가난다 명상센터'' 등 미국 캘리포니아의 여러 명상센터를 체험하고, 『성자가 된 청소부』의 저자 바바 하리 다스와 만나게 된다. 1988년부터 열 차례에 걸쳐 인도를 여행하며, 라즈니쉬 명상센터에서 생활해왔다.');
Insert into DREAM.AUTHOR (AUTHOR_CODE,AUTHOR_NAME,AUTHOR_CONTENT) values ('13','박준','1983년 서울에서 태어나고 자랐다. 문학을 잘 배우면 다른 이에게 줄 수도 있다는 사실을 대학과 대학원에서 알았다. 2008년 『실천문학』으로 등단했다. 시집 『당신의 이름을 지어다가 며칠은 먹었다』를 펴냈다. 제31회 신동엽문학상 수상.');
Insert into DREAM.AUTHOR (AUTHOR_CODE,AUTHOR_NAME,AUTHOR_CONTENT) values ('14','아이얼원','대만 청춘들의 롤모델이자 ‘의문을 풀어 주는 마음의 순례자.’ 생각을 캐치하는 감각, 논리 분석에 타고난 뇌, 한 스푼 정도의 편집적 성향, 눈에 띌 만큼 섬세한 이성과 감성을 지녔다. 한때 인생의 굵직한 고비들을 넘기며 수많은 땀과 눈물을 흘렸고, 스물아홉에는 회사를 떠나 자유로운 삶을 실현하는 데 성공했다. 2014년 말부터는 이런 인생의 깨달음을 인터넷에 올리기 시작했으며, 캄캄한 터널을 지나고 있는 많은 사람들에게 구원의 답을 주었다.
현재는 작가이자 사진가, 투자가로 주도적인 삶을 살아가는 한편, 정기적으로 자신의 홈페이지와 SNS에 글을 연재하고 있다. 지은 책으로는 베스트셀러 《현재의 나쁜 일로 미래의 좋은 일을 쫓아내지 마라》, 《당신의 꿈이 최고의 저금통이다》, 《퇴근 후 더 많이 벌기》, 《제로부터 차근차근 돈 모으기》 등이 있다.');
Insert into DREAM.AUTHOR (AUTHOR_CODE,AUTHOR_NAME,AUTHOR_CONTENT) values ('15','유지나','미국 할리우드 시나리오 업계의 전설적인 인물로, 『시나리오란 무엇인가』, 『시나리오 워크북』을 비롯해 시나리오 작법에 관한 책 여덟 권을 집필했다. 또한 폭스, 유니버설 등의 스튜디오에서 시나리오 컨설팅을 했고, 장 르누아르 등 많은 유명 영화감독들과 작업하며 후학을 양성했다. 2013년 고향인 캘리포니아에서 작고하기 전까지 시나리오 쓰기와 스토리텔링에 관한 수많은 워크숍을 진행했다.
『시나리오란 무엇인가』는 1979년 출간된 이래 반세기 동안 가장 많이 팔린 시나리오 교과서이다. 영화계 최신 경향을 반영하여 새롭게 출간한 개정판은 지금도 시나리오 분야 독보적인 베스트셀러이다.');
Insert into DREAM.AUTHOR (AUTHOR_CODE,AUTHOR_NAME,AUTHOR_CONTENT) values ('16','윤정은','윤정은은 책 읽기와 글쓰기가 주는 위로에 기대어 살고 있다. 할 줄 아는 게 읽기와 쓰기밖에 없어 가끔 초라하다고 생각했는데, 이젠 글쓰기를 업으로 할 수 있어 행복하다. 타인과 눈을 마주 보며 대화하는, 그 순간의 온기를 좋아한다. 글쓰기는 마치 나와의 따스한 대화 같다고 여긴다. 때론 종이에 적힌 활자를 보며 기쁘고 슬프고 안쓰럽고 초라하기도 한 모습에 내 마음을 읽으며 이야기 나눈다. 그런 지금이 소중하다.
지은 책으로는 《하이힐 신고 독서하기》, 《일탈, 제주 자유》, 《같이 걸을까》, 《세상의 모든 위로》 등이 있다. 현재 오디오클립 ‘윤정은 작가의 독서 위로’를 진행하고 있으며, 2012년 ‘삶의 향기 동서 문학상’을 수상했다.');
Insert into DREAM.AUTHOR (AUTHOR_CODE,AUTHOR_NAME,AUTHOR_CONTENT) values ('17','이원하','2018년 한국일보 신춘문예로 등단했다.');
Insert into DREAM.AUTHOR (AUTHOR_CODE,AUTHOR_NAME,AUTHOR_CONTENT) values ('18','허연','1966년 서울에서 태어났다. 집 다락방과 학교 근처 도서관에서 손때 묻은 고전들을 꺼내 읽으며 어른이 됐다. 고전을 만나면서 세상이 두려운 것만은 아니라는 진리를 깨달았고, 지금도 ‘독서는 유일한 세속적 초월’이라는 말을 책상머리에 붙여놓고 있다. 연세대학교에서 「단행본 도서의 베스트셀러 유발 요인에 관한 연구」로 석사학위를, 추계예술대학교에서 「시 창작에서의 영화이미지 수용 연구」로 박사학위를 받았다. 일본 게이오대학교 미디어연구소 연구원을 지냈다. 1991년 『현대시세계』 신인상으로 문단에 등단했다. 현재 『매일경제』 문화부 기자로 재직하고 있다. 저서로는 시집 『불온한 검은 피』 『나쁜 소년이 서 있다』, 『내가 원하는 천사』『오십 미터』, 산문집 『그 남자의 비블리오필리』『고전탐닉』등이 있다. 한국출판학술상, 시작작품상, 현대문학상을 수상했다.');

--CATEGORY TABLE
Insert into DREAM.CATEGORY (CATEGORY_CODE,CATEGORY_NAME,CATEGORY_LEVEL,CATEGORY_REF) values ('1','소설',1,null);
Insert into DREAM.CATEGORY (CATEGORY_CODE,CATEGORY_NAME,CATEGORY_LEVEL,CATEGORY_REF) values ('2','로맨스',2,1);
Insert into DREAM.CATEGORY (CATEGORY_CODE,CATEGORY_NAME,CATEGORY_LEVEL,CATEGORY_REF) values ('3','판타지',2,1);
Insert into DREAM.CATEGORY (CATEGORY_CODE,CATEGORY_NAME,CATEGORY_LEVEL,CATEGORY_REF) values ('4','공포/스릴러',2,1);
Insert into DREAM.CATEGORY (CATEGORY_CODE,CATEGORY_NAME,CATEGORY_LEVEL,CATEGORY_REF) values ('5','추리',2,1);
Insert into DREAM.CATEGORY (CATEGORY_CODE,CATEGORY_NAME,CATEGORY_LEVEL,CATEGORY_REF) values ('6','액션',2,1);
Insert into DREAM.CATEGORY (CATEGORY_CODE,CATEGORY_NAME,CATEGORY_LEVEL,CATEGORY_REF) values ('7','에세이/시',1,null);
Insert into DREAM.CATEGORY (CATEGORY_CODE,CATEGORY_NAME,CATEGORY_LEVEL,CATEGORY_REF) values ('8','에세이',2,7);
Insert into DREAM.CATEGORY (CATEGORY_CODE,CATEGORY_NAME,CATEGORY_LEVEL,CATEGORY_REF) values ('9','시',2,7);
Insert into DREAM.CATEGORY (CATEGORY_CODE,CATEGORY_NAME,CATEGORY_LEVEL,CATEGORY_REF) values ('10','컴퓨터/IT',1,null);
Insert into DREAM.CATEGORY (CATEGORY_CODE,CATEGORY_NAME,CATEGORY_LEVEL,CATEGORY_REF) values ('11','개발/프로그래밍',2,10);
Insert into DREAM.CATEGORY (CATEGORY_CODE,CATEGORY_NAME,CATEGORY_LEVEL,CATEGORY_REF) values ('12','IT비지니스',2,10);
Insert into DREAM.CATEGORY (CATEGORY_CODE,CATEGORY_NAME,CATEGORY_LEVEL,CATEGORY_REF) values ('13','교재/수험서',1,null);
Insert into DREAM.CATEGORY (CATEGORY_CODE,CATEGORY_NAME,CATEGORY_LEVEL,CATEGORY_REF) values ('14','초등학교',2,13);
Insert into DREAM.CATEGORY (CATEGORY_CODE,CATEGORY_NAME,CATEGORY_LEVEL,CATEGORY_REF) values ('15','중학교',2,13);
Insert into DREAM.CATEGORY (CATEGORY_CODE,CATEGORY_NAME,CATEGORY_LEVEL,CATEGORY_REF) values ('16','고등학교',2,13);
Insert into DREAM.CATEGORY (CATEGORY_CODE,CATEGORY_NAME,CATEGORY_LEVEL,CATEGORY_REF) values ('17','기타수험서',2,13);

--BOOK TABLE
Insert into DREAM.BOOK (BOOK_NO,USER_ID,BOOK_TITLE,PRICE,BOOK_CONTENT,AUTHOR_CODE,CATEGORY_CODE,BOOK_TAG_CODE,BOOK_IMG_ORIGINAL_FILENAME,BOOK_IMG_RENAME_FILENAME,SALE_COUNT,DISPLAY_BOOK,BOOK_FILE_ORIGINAL_NAME,BOOK_FILE_RENAMED_NAME) values ('9788932920337','publisher7','기억',12000,'주인공 르네 톨레다노는 고등학교에서 역사를 가르치는 교사이다. 그는 센강 유람선 공연장 〈판도라의 상자〉에 갔다가 퇴행 최면의 대상자로 선택당한다. 최면에 성공해 무의식의 복도에 늘어선 기억의 문을 열 수 있게 된 르네. 문 너머에서 엿본 기억은, 제1차 세계 대전의 전장에서 목숨을 잃은 그의 전생이었다. 최면이 끝난 후에도 너무나 생생하고 강렬한 기억에 시달리던 그는 몸싸움에 휘말려 의도치 않게 사람을 죽이고 경찰에 자수할지 말지 고민하며 초조한 나날을 보내게 된다.','10','3',null,'기억.PNG',null,79,'N','book_file.pdf',null);
Insert into DREAM.BOOK (BOOK_NO,USER_ID,BOOK_TITLE,PRICE,BOOK_CONTENT,AUTHOR_CODE,CATEGORY_CODE,BOOK_TAG_CODE,BOOK_IMG_ORIGINAL_FILENAME,BOOK_IMG_RENAME_FILENAME,SALE_COUNT,DISPLAY_BOOK,BOOK_FILE_ORIGINAL_NAME,BOOK_FILE_RENAMED_NAME) values ('9788954632676','publisher3','퇴마록 국내편',10000,'『퇴마록』의 매력 중에서도 가장 돋보이는 것은 역시 네 명의 주인공이다. 이우혁 작가의 방대한 자료 조사를 통한 치밀한 설정은 잘 알려졌거니와, 그런 이야기의 뼈대에 살을 붙여 작품에 생기를 불어넣는 것이 바로 등장인물이다. 깊은 신앙심으로 오라를 발하여 모두를 보호하는 박 신부, 기인을 만나 높은 경지의 무예를 습득한 청년 현암, 천부적으로 타고난 영적 능력으로 부적과 주술에 능한 소년 준후, 애염명왕의 화신으로 세 사람의 힘을 증폭시켜 주는 말괄량이 아가씨 승희','16','3',null,'퇴마록.PNG',null,54,'N','book_file.pdf',null);
Insert into DREAM.BOOK (BOOK_NO,USER_ID,BOOK_TITLE,PRICE,BOOK_CONTENT,AUTHOR_CODE,CATEGORY_CODE,BOOK_TAG_CODE,BOOK_IMG_ORIGINAL_FILENAME,BOOK_IMG_RENAME_FILENAME,SALE_COUNT,DISPLAY_BOOK,BOOK_FILE_ORIGINAL_NAME,BOOK_FILE_RENAMED_NAME) values ('9788972751717','publisher2','시하와 칸타의 장',9100,'〈현대문학 핀 시리즈〉 소설선 스물다섯 번째 책『시하와 칸타의 장: 마트 이야기』. 『시하와 칸타의 장-마트 이야기』가 출간되었다. 1998년 『드래곤 라자』로 한국 판타지 문학의 시작과 중흥을 알림과 동시에 22년째 대체 불가능한 작가로 자리매김하고 있는 이영도의 이번 신작은 2019년 『현대문학』 9월호에 발표한 소설을 퇴고해 내놓은 것이다. 이영도는 이번 작품에서도 등장인물 간의 대화 속에 압축과 생략, 은유와 환유, 숨 막히는 핑퐁식 대화로 이영도식 농담과 유머를 아낌없이 사용하며 소설 읽는 재미를 배가시키고 있다','6','3',null,'시화와 칸타의 장.PNG',null,7,'N','book_file.pdf',null);
Insert into DREAM.BOOK (BOOK_NO,USER_ID,BOOK_TITLE,PRICE,BOOK_CONTENT,AUTHOR_CODE,CATEGORY_CODE,BOOK_TAG_CODE,BOOK_IMG_ORIGINAL_FILENAME,BOOK_IMG_RENAME_FILENAME,SALE_COUNT,DISPLAY_BOOK,BOOK_FILE_ORIGINAL_NAME,BOOK_FILE_RENAMED_NAME) values ('9791158886386','publisher5','얼음나무 숲',9900,'유려한 문장과 매혹적인 분위기로 독자들을 휘어잡는 환상 소설의 대가, 하지은 작가의 기념비적인 작품 『얼음나무 숲』 완전판이 출간되었다. 국내에서 보기 드문 클래식 음악을 소재로 한 미스터리 판타지 소설 『얼음나무 숲』은 탐미적인 필체로 수많은 팬들을 보유하고 있는 하지은 작가의 데뷔작으로, 『드래곤 라자』 이영도 작가와 『룬의 아이들』 전민희 작가를 이은 2세대 판타지 문학을 대표하는 작품이다. 이 작품은 오랜 기간 절판되어 재출간을 바라는 독자들의 꾸준한 문의가 있었으며 중고 도서가 정가 4~5배의 고가에 거래될 정도로 지속적인 관심과 사랑을 받았다. 이번 완전판에는 본편에서 단편적으로만 언급되었던 천재 주인공의 어린 시절을 새롭게 풀어낸 90페이지가량의 적지 않은 분량의 외전이 처음으로 포함되어 있어, 오랜 시간 이 작품을 다시 만나기를 기다려왔던 애독자들의 캐릭터에 대한 이해와 공감을 높이고 있다','14','3',null,'얼음나무 숲.PNG',null,57,'N','book_file.pdf',null);
Insert into DREAM.BOOK (BOOK_NO,USER_ID,BOOK_TITLE,PRICE,BOOK_CONTENT,AUTHOR_CODE,CATEGORY_CODE,BOOK_TAG_CODE,BOOK_IMG_ORIGINAL_FILENAME,BOOK_IMG_RENAME_FILENAME,SALE_COUNT,DISPLAY_BOOK,BOOK_FILE_ORIGINAL_NAME,BOOK_FILE_RENAMED_NAME) values ('9788982735745','publisher10','눈물을 마시는 새',9500,'동양적 사상을 바탕으로 창조해 낸 새로운 대하 환상 소설
『눈물을 마시는 새』에는 기존 한국 환상 소설들과는 확연히 구분되는 것이 또 하나가 있다. 기존의 한국 환상 소설들은 미국이나 일본의 판타지 소설의 영향을 받아 대부분 중세 유럽만을 배경으로 다루고 있다. 그러나 『눈물을 마시는 새』는 동양적 색채, 특히 한국적 정서를 기본 바탕으로 집필되었다. 등장하는 주요 네 종족 중 하나인 ‘도깨비’ 경우가 이를 대표하는데, 씨름과 윷놀이를 좋아하며, 도깨비감투를 쓰고 남을 놀라게 하는 것을 즐기지만 피를 두려워하고 폭력을 싫어한다는 점에서 한국 전통의 도깨비와 흡사한 면을 갖고 있다. 또한 작품 속에서 중요한 단서가 되는 고대 왕국의 언어는 우리의 옛말(조선 중기에 사용되던 말)을 그대로 차용하고 있으며, 등장하는 생명체의 이름 역시 ‘두억시니’, ‘마루나래’ 등 순 우리말로 만들어졌다는 점도 이를 반증한다. 성당의 신부나 성직자, 대주교 등만 다루던 기존 판타지 소설과 달리 사원과 스님, 그리고 주지 등이 등장하는 것도 새로운 점이다
','13','3',null,'눈물을 마시는 새.PNG',null,34,'N','book_file.pdf',null);
Insert into DREAM.BOOK (BOOK_NO,USER_ID,BOOK_TITLE,PRICE,BOOK_CONTENT,AUTHOR_CODE,CATEGORY_CODE,BOOK_TAG_CODE,BOOK_IMG_ORIGINAL_FILENAME,BOOK_IMG_RENAME_FILENAME,SALE_COUNT,DISPLAY_BOOK,BOOK_FILE_ORIGINAL_NAME,BOOK_FILE_RENAMED_NAME) values ('9791158883737','publisher13','내가 죽기 일주일 전',20000,'희완이와 람우는 서로 좋아했지만 각자의 사정으로 인해 좋아한다는 말 한 마디를 쉽게 전하지 못하고, 열일곱 살에 사고로 헤어지게 된다. 저승사자가 되어 돌아온 람우는 어차피 일주일 뒤 죽을 거 괴롭게 죽느니 편하게 가라고 입으로는 종용하는 한편, 괴상한 버킷리스트를 만들어 희완이를 억지로 끌고 다닌다. 두 사람이 버킷리스트의 일들을 하나씩 하나씩 실천해 가는 동안에도 ‘좋아한다’라는 말은 둘의 입 밖으로 나오지 않고 입안에서 맴돌기만 한다. 그리고 일주일의 마지막 날, 희완이에게 가장 행복한 시간을 선물했던 람우의 입에서 흘러나온 말은 좋아한다는 고백이 아닌 차갑고 냉정한 이야기였는데…….','17','3',null,'내가 죽기 일주일 전.PNG',null,78,'N','book_file.pdf',null);
Insert into DREAM.BOOK (BOOK_NO,USER_ID,BOOK_TITLE,PRICE,BOOK_CONTENT,AUTHOR_CODE,CATEGORY_CODE,BOOK_TAG_CODE,BOOK_IMG_ORIGINAL_FILENAME,BOOK_IMG_RENAME_FILENAME,SALE_COUNT,DISPLAY_BOOK,BOOK_FILE_ORIGINAL_NAME,BOOK_FILE_RENAMED_NAME) values ('9791158886356','publisher5','얼음나무 숲',9900,'유려한 문장과 매혹적인 분위기로 독자들을 휘어잡는 환상 소설의 대가, 하지은 작가의 기념비적인 작품 『얼음나무 숲』 완전판이 출간되었다. 국내에서 보기 드문 클래식 음악을 소재로 한 미스터리 판타지 소설 『얼음나무 숲』은 탐미적인 필체로 수많은 팬들을 보유하고 있는 하지은 작가의 데뷔작으로, 『드래곤 라자』 이영도 작가와 『룬의 아이들』 전민희 작가를 이은 2세대 판타지 문학을 대표하는 작품이다. 이 작품은 오랜 기간 절판되어 재출간을 바라는 독자들의 꾸준한 문의가 있었으며 중고 도서가 정가 4~5배의 고가에 거래될 정도로 지속적인 관심과 사랑을 받았다. 이번 완전판에는 본편에서 단편적으로만 언급되었던 천재 주인공의 어린 시절을 새롭게 풀어낸 90페이지가량의 적지 않은 분량의 외전이 처음으로 포함되어 있어, 오랜 시간 이 작품을 다시 만나기를 기다려왔던 애독자들의 캐릭터에 대한 이해와 공감을 높이고 있다','14','3',null,'얼음나무 숲.PNG',null,56,'N','book_file.pdf',null);
Insert into DREAM.BOOK (BOOK_NO,USER_ID,BOOK_TITLE,PRICE,BOOK_CONTENT,AUTHOR_CODE,CATEGORY_CODE,BOOK_TAG_CODE,BOOK_IMG_ORIGINAL_FILENAME,BOOK_IMG_RENAME_FILENAME,SALE_COUNT,DISPLAY_BOOK,BOOK_FILE_ORIGINAL_NAME,BOOK_FILE_RENAMED_NAME) values ('9791165341053','moonandji','달러구트 꿈 백화점 | 잠들어야만 입장 가능합니다',9100,'꾸고 싶은 꿈은 살 수 있다면 사람들은 어떤 꿈을 고를까? 《달러구트 꿈 백화점》은 ‘무의식에서만 존재하는 꿈을 정말 사고 팔 수 있을까?’라는 기발한 질문에 답을 찾아가는 판타지 소설이다. 꿈을 통해 그리움과 상처를 치유하는 이야기를 꿈을 만드는 사람, 파는 사람, 사는 사람 각각의 관점에서 풀어냈다','3','3',null,'달러구트 꿈백화점, 잠들어야만 입장 가능합니다.PNG',null,45,'N','book_file.pdf',null);
Insert into DREAM.BOOK (BOOK_NO,USER_ID,BOOK_TITLE,PRICE,BOOK_CONTENT,AUTHOR_CODE,CATEGORY_CODE,BOOK_TAG_CODE,BOOK_IMG_ORIGINAL_FILENAME,BOOK_IMG_RENAME_FILENAME,SALE_COUNT,DISPLAY_BOOK,BOOK_FILE_ORIGINAL_NAME,BOOK_FILE_RENAMED_NAME) values ('9791190339018','moonandji','룬의 아이들 - 윈터러 완전판',6800,'아름다운 세계관과 개성 넘치는 캐릭터, 유려한 문체와 깊이 있는 감성으로 한국 판타지를 이끌어온 전민희 작가의 대표작 <룬의 아이들 - 윈터러>(전7권)가 새롭게 출간되었다. ''룬의 아이들'' 시리즈는 국내 판매량 총 160만 부를 넘은 밀리언셀러다. 뿐만 아니라 일본, 대만, 태국, 중국에 수출되어 국내외 판매량을 합치면 300만 부를 훌쩍 넘어 ''아시아 전역에서 가장 사랑받는 판타지''라는 평가를 받고 있다','4','3',null,'룬의 아이들.PNG',null,23,'N','book_file.pdf',null);
Insert into DREAM.BOOK (BOOK_NO,USER_ID,BOOK_TITLE,PRICE,BOOK_CONTENT,AUTHOR_CODE,CATEGORY_CODE,BOOK_TAG_CODE,BOOK_IMG_ORIGINAL_FILENAME,BOOK_IMG_RENAME_FILENAME,SALE_COUNT,DISPLAY_BOOK,BOOK_FILE_ORIGINAL_NAME,BOOK_FILE_RENAMED_NAME) values ('9791190582308','publisher8','키르케',14000,'브라운 대학교에서 고전학을, 예일 연극영화대학원에서 고전각색을 공부한 매들린 밀러는 고등학교에서 라틴어와 고대 그리스어, 셰익스피어를 가르치며 10년 동안 틈틈이 집필해 완성한 첫 소설 『아킬레우스의 노래』로 전 세계에 신화소설 붐을 일으키며 성공적인 데뷔전을 치렀다. 이 소설로 2012년 영국 유수의 문학상인 ‘여성 문학상(Women’s prize for fiction)’을 수상했는데, 같이 후보에 오른 작품들 중 압도적으로 많이 팔린 소설이었다','18','3',null,'키르케.PNG',null,45,'N','book_file.pdf',null);
Insert into DREAM.BOOK (BOOK_NO,USER_ID,BOOK_TITLE,PRICE,BOOK_CONTENT,AUTHOR_CODE,CATEGORY_CODE,BOOK_TAG_CODE,BOOK_IMG_ORIGINAL_FILENAME,BOOK_IMG_RENAME_FILENAME,SALE_COUNT,DISPLAY_BOOK,BOOK_FILE_ORIGINAL_NAME,BOOK_FILE_RENAMED_NAME) values ('9791161980980','publisher7','위포트 공기업 NCS 직업기초능력평가+직무수행능력평가 통합 기본서(2020 하반기)',14000,'『2020 하반기 최신판 위포트 공기업 NCS 직업기초능력평가+직무수행능력평가 통합 기본서』는 2020년 하반기 주요 공기업, 공사, 공단 NCS 필기 전형 대비를 위한 수험/학습서로 모듈형, PSAT형부터 실전 모의고사까지 단 한 권으로 학습이 가능한 공기업 NCS 통합 기본서이다.
이 책은 공기업 취업 입문자를 위한 NCS 모듈 핵심 이론 및 실전 적용 문제를 수록하였으며, 모듈형, 피듈형, PSAT형 등 주요 공기업 최신 기출 전 유형을 분석 및 반영하였다.
최신 출제 경향을 반영한 실전 모의고(모듈형 1회분 + 의수문 통합형 1회분 + 전 영역 통합형 1회분)사 3회와 온라인 모의고사 1회를 제공하며, 직무수행능력평가 대비를 위한 직무별(사무/기계/전기ㆍ전자/토목) 실전 모의고사를 수록하였다. 또한, 도서 학습 전 실력점검을 위한 진단 테스트 및 자가진단 분석표를 통해 체계적인 학습 가이드를 제공한다.
','3','17',null,'위포트 ncs 직업기초능력평가+직무수행능력평가 통합기본서.PNG',null,77,'N','book_file.pdf',null);
Insert into DREAM.BOOK (BOOK_NO,USER_ID,BOOK_TITLE,PRICE,BOOK_CONTENT,AUTHOR_CODE,CATEGORY_CODE,BOOK_TAG_CODE,BOOK_IMG_ORIGINAL_FILENAME,BOOK_IMG_RENAME_FILENAME,SALE_COUNT,DISPLAY_BOOK,BOOK_FILE_ORIGINAL_NAME,BOOK_FILE_RENAMED_NAME) values ('9791163719366','publisher13','커넥츠 공단기 전한길 한국사 포켓 암기노트(2021) ',13000,'2021 전한길 한국사 포켓 암기노트]는 수험생들이 언제 어디서나 부담 없이 휴대하고 다니면서 학습할 수 있도록 만든 요약집으로, 방대한 한국사 내용 중 핵심만 뽑아서 정리하였다. 중요 키워드는 빈칸으로 제시하였으며, 사진 및 사료도 풍부하게 수록하였다. 기출 지문으로 구성한 OX문제로 학습한 내용을 바로 확인할 수 있도록 하였다. 시간이 부족한 수험생들에게는 합격으로 가는 최적의 학습 도서이다.','16','17',null,'2021 전한길 한국사 포켓 암기노트.PNG',null,34,'N','book_file.pdf',null);
Insert into DREAM.BOOK (BOOK_NO,USER_ID,BOOK_TITLE,PRICE,BOOK_CONTENT,AUTHOR_CODE,CATEGORY_CODE,BOOK_TAG_CODE,BOOK_IMG_ORIGINAL_FILENAME,BOOK_IMG_RENAME_FILENAME,SALE_COUNT,DISPLAY_BOOK,BOOK_FILE_ORIGINAL_NAME,BOOK_FILE_RENAMED_NAME) values ('9791164543120','moonandji','해커스 AFPK 핵심문제집 모듈. 1(2020) AFPK 5년 연속 합격자 수 1위 | AFPK 교재 인강ㅣ시험에 출제될 핵심문제 총정리',9100,'1. 합격률 1위의 노하우로, AFPK 시험의 최신 출제경향을 철저하게 분석 및 반영하였습니다.
2. 문제와 관련된 이론이 수록된 기본서, 요약집 페이지를 표기하여 효율적인 추가 이론 학습을 할 수 있습니다.
3. 장별 출제문항 수를 표기하여, 출제비중이 높은 부분을 중심으로 전략적인 학습이 가능합니다.
4. AFPK 학습전략 및 맞춤형 학습플랜을 제공하여 누구나 단기 합격이 가능합니다
','17','17',null,'해커스peck핵심문제집.PNG',null,58,'N','book_file.pdf',null);
Insert into DREAM.BOOK (BOOK_NO,USER_ID,BOOK_TITLE,PRICE,BOOK_CONTENT,AUTHOR_CODE,CATEGORY_CODE,BOOK_TAG_CODE,BOOK_IMG_ORIGINAL_FILENAME,BOOK_IMG_RENAME_FILENAME,SALE_COUNT,DISPLAY_BOOK,BOOK_FILE_ORIGINAL_NAME,BOOK_FILE_RENAMED_NAME) values ('9791190386227','publisher3','민사소송법정리(2020)',9900,'책소개 :
- 독자대상 : 변호사 시험 준비생
- 구성 및 특징 :
① 최근 경향 반영
② 학습 내용 체계적으로 구성
','9','17',null,'민사소송법정리.PNG',null,33,'N','book_file.pdf',null);
Insert into DREAM.BOOK (BOOK_NO,USER_ID,BOOK_TITLE,PRICE,BOOK_CONTENT,AUTHOR_CODE,CATEGORY_CODE,BOOK_TAG_CODE,BOOK_IMG_ORIGINAL_FILENAME,BOOK_IMG_RENAME_FILENAME,SALE_COUNT,DISPLAY_BOOK,BOOK_FILE_ORIGINAL_NAME,BOOK_FILE_RENAMED_NAME) values ('9791190720014','moonandji','전수환 경영학 빈출 1800',13500,'책소개 :
- 독자대상 : 공무원 시험 준비생
- 구성 및 특징 :
① 최근 경향 반영
② 학습 내용 체계적으로 구성
','14','17',null,'전수환 경영학 빈출1800.PNG',null,66,'N','book_file.pdf',null);
Insert into DREAM.BOOK (BOOK_NO,USER_ID,BOOK_TITLE,PRICE,BOOK_CONTENT,AUTHOR_CODE,CATEGORY_CODE,BOOK_TAG_CODE,BOOK_IMG_ORIGINAL_FILENAME,BOOK_IMG_RENAME_FILENAME,SALE_COUNT,DISPLAY_BOOK,BOOK_FILE_ORIGINAL_NAME,BOOK_FILE_RENAMED_NAME) values ('9791136003799','publisher8','에듀윌 국어 14개년 기출복원문제(군무원)(2020)',9500,'〈2020 에듀윌 군무원 14개년 기출복원문제집〉은 전문 교수진이 기출과 가장 유사하게 복원한 14개년 기출복원문제로 군무원 시험의 출제경향과 패턴을 파악하고, 기출총평, 영역별 출제비중 및 문항별 기출분석표와 같이 상세한 기출분석으로 기출의 전체적인 윤곽을 잡을 수 있습니다. 또한 공무원 시험과 병행 준비하는 수험생들을 위해 공무원 시험과의 차이점과 공통점까지 비교 분석하였습니다. 마지막으로, 무료 제공되는 모바일 OMR 자동채점 d 서비스를 통 해 영역별 정답률로 자신의 취약점을 파악할 수 있으며, 전체 평균과 상위 10%의 평균까지 확인 할 수 있습니다. 군무원 도전, 더 이상 망설이지 마세요. 오직 군무원 합격만을 위해 에듀윌이 만들었습니다','4','17',null,'에듀윌 국어 14개년 기출복원문제(군무원).PNG',null,55,'N','book_file.pdf',null);
Insert into DREAM.BOOK (BOOK_NO,USER_ID,BOOK_TITLE,PRICE,BOOK_CONTENT,AUTHOR_CODE,CATEGORY_CODE,BOOK_TAG_CODE,BOOK_IMG_ORIGINAL_FILENAME,BOOK_IMG_RENAME_FILENAME,SALE_COUNT,DISPLAY_BOOK,BOOK_FILE_ORIGINAL_NAME,BOOK_FILE_RENAMED_NAME) values ('9788988474846','publisher13','SQL 자격검정 실전문제',15000,'SQL 자격검정 실전문제는 국가공인 SQL 전문가 및 국가공인 SQL 개발자 자격시험 대비 수험서로 SQL 전문가 가이드에서 다루고 있는 데이터 모델링의 이해, SQL기본 및 활용, SQL 고급 활용 및 튜닝 등의 내용을 자격시험 대비를 위한 문제와 해설로 구성되어 있다','5','11',null,'sql자격검정 실전문제.PNG',null,86,'N','book_file.pdf',null);
Insert into DREAM.BOOK (BOOK_NO,USER_ID,BOOK_TITLE,PRICE,BOOK_CONTENT,AUTHOR_CODE,CATEGORY_CODE,BOOK_TAG_CODE,BOOK_IMG_ORIGINAL_FILENAME,BOOK_IMG_RENAME_FILENAME,SALE_COUNT,DISPLAY_BOOK,BOOK_FILE_ORIGINAL_NAME,BOOK_FILE_RENAMED_NAME) values ('9791157675005','publisher8','수제비 정보처리기사 실기 1권+2권 합본세트(2020)',22000,'〈이 책의 특징〉
- NCS 반영! 출제기준 전면개편
- NCS 기반 반영 문제(예상문제 340제, 단원종합문제 360제, 모의고사 100제, 2020년기출문제) 수록
- 수제비는 합격만을 위한 다양한 학습 콘텐츠 제공
첫째! NCS 기반 명견만리 모의고사 5회 수록
둘째! 최적의 암기비법(두음쌤)과 학습 Point 수록
셋째! 이전 단원 복습을 위한 핵인싸 퀴즈 수록
넷째! 각종 비법을 담은 학습지원센터 오픈
넷째! 암기비법 PDF 제공
','16','11',null,'수제비 정보처리기사 실기 1권+2권 합본세트(2020).PNG',null,56,'N','book_file.pdf',null);
Insert into DREAM.BOOK (BOOK_NO,USER_ID,BOOK_TITLE,PRICE,BOOK_CONTENT,AUTHOR_CODE,CATEGORY_CODE,BOOK_TAG_CODE,BOOK_IMG_ORIGINAL_FILENAME,BOOK_IMG_RENAME_FILENAME,SALE_COUNT,DISPLAY_BOOK,BOOK_FILE_ORIGINAL_NAME,BOOK_FILE_RENAMED_NAME) values ('9788984373853','moonandji','작가들의 비밀스러운 삶',6800,'하와이에서 휴가를 즐기던 연인들이 카메라를 바다에 빠뜨리고, 15년 동안 무려 1만 킬로 가까이 표류하다 타이베이 바이샤완 해변에서 조깅을 하던 미국인 여성 사업가에게 발견되고, 그녀가 카메라를 뉴욕 행 기내에 두고 내리고, JFK공항 분실물센터에 보관되었다가 스코츠보로의 수하물센터로 이동하고, 카메라를 구입한 미국 남자가 메모리칩을 복원해 컴퓨터에 연결한 결과 안에 들어 있던 다수의 사진들을 발견하게 된다.

카메라에 들어 있는 사진들이 20년 동안 미궁에 빠져 있던 베르뇌유 일가족 살해사건을 다시 수면 위로 떠오르게 한다. 경찰이 아무런 단서도 찾아내지 못하고 지지부진하게 끝났던 사건은 보몽 섬에서 사체로 발견된 아폴린의 과거 전력이 드러나면서 시간의 장벽을 훌쩍 뛰어넘어 다시 주목받는다. 카메라 메모리칩에는 연인관계였던 아폴린과 카림의 사진이 들어 있고, 그 이전에 촬영된 것으로 보이는 베르뇌유 일가족 사진들이 들어 있다. 아폴린과 카림이 베르뇌유의 집에서 카메라를 훔쳤다는 반증이다.
','13','5',null,'작가들의 비밀스러운 삶.jpg',null,33,'N','book_file.pdf',null);
Insert into DREAM.BOOK (BOOK_NO,USER_ID,BOOK_TITLE,PRICE,BOOK_CONTENT,AUTHOR_CODE,CATEGORY_CODE,BOOK_TAG_CODE,BOOK_IMG_ORIGINAL_FILENAME,BOOK_IMG_RENAME_FILENAME,SALE_COUNT,DISPLAY_BOOK,BOOK_FILE_ORIGINAL_NAME,BOOK_FILE_RENAMED_NAME) values ('9788990982575','woongjin','가면산장 살인사건',13000,'아버지 소유의 별장 근처 작은 교회에서 결혼식을 올리는 것이 꿈이었던 도모미는 그 꿈이 이루어질 날을 불과 일주일 앞두고 운전 부주의로 인해 가드레일을 들이받고 절벽에서 추락해 사망한다. 얼마 후, 그녀의 약혼자였던 다카유키는 도모미의 아버지로부터 별장에 와서 묵으라는 초대를 받는다. 도모미가 죽은 이후에도 그녀의 가족과 인연의 끈을 놓지 않았던 다카유키는 기꺼이 초대에 응해 도모미의 부모와 오빠를 비롯한 7명의 친인척과 함께 별장에서 며칠을 보내기로 한다.

다카유키가 별장에 도착한 날 밤, 경찰에 쫓기던 2인조 은행 강도가 별장에 침입해 그곳에 모여 있던 8명을 감금하고 인질극을 벌인다. 인질들은 여러 가지 방법으로 탈출을 시도하지만 번번이 실패로 끝나고, 인질과 강도 사이에 피 말리는 신경전이 벌어지는 가운데 인질 중 한 사람이 등에 칼이 꽂힌 시체로 발견된다. 정황으로 미루어 범인은 강도가 아닌 인질 중 한 사람. 나머지 7명의 인질은 서로에 대한 의심으로 패닉에 빠지는데…….
','4','5',null,'가면산장 살인사건.jpg',null,96,'N','book_file.pdf',null);
Insert into DREAM.BOOK (BOOK_NO,USER_ID,BOOK_TITLE,PRICE,BOOK_CONTENT,AUTHOR_CODE,CATEGORY_CODE,BOOK_TAG_CODE,BOOK_IMG_ORIGINAL_FILENAME,BOOK_IMG_RENAME_FILENAME,SALE_COUNT,DISPLAY_BOOK,BOOK_FILE_ORIGINAL_NAME,BOOK_FILE_RENAMED_NAME) values ('9788990982704','publisher11','용의자 x의 헌신',16000,'도쿄 에도가와 인근 한 연립 주택에서 중년 남자가 모녀에 의해 살해된다. 숨진 남자는 도가시. 한때 술집 호스티스였으나 지금은 도시락 가게에서 일하면서 첫 남편 사이에 낳은 딸 마사토를 키우고 있는 여자, 하나오카 야스코의 이혼한 두 번째 남편이다. 돈을 갈취하기 위해 찾아와 폭력을 휘두르는 그를 모녀가 우발적으로 목 졸라 살해하고, 우연히 사건을 눈치 채게 된 옆집 사는 고등학교 수학교사 이시가미가 그녀를 돕겠다고 나선다.','10','5',null,'용의자 x의 헌신.jpg',null,56,'N','book_file.pdf',null);
Insert into DREAM.BOOK (BOOK_NO,USER_ID,BOOK_TITLE,PRICE,BOOK_CONTENT,AUTHOR_CODE,CATEGORY_CODE,BOOK_TAG_CODE,BOOK_IMG_ORIGINAL_FILENAME,BOOK_IMG_RENAME_FILENAME,SALE_COUNT,DISPLAY_BOOK,BOOK_FILE_ORIGINAL_NAME,BOOK_FILE_RENAMED_NAME) values ('9788990982773','publisher12','인어가 잠든 집',9100,'‘인간이란 무엇이며 삶과 죽음, 사랑의 정의는 무엇인가’라는 난제에 도전한 히가시노 게이고의 휴먼 미스터리 『인어가 잠든 집』. 히가시노 게이고의 작가 데뷔 30주년을 기념해 2015년에 발표된 이 작품은 어느 날 갑자기 사랑하는 딸에게 닥친 뇌사라는 비극에 직면한 부부가 겪는 가혹한 운명과 불가피한 선택, 그리고 충격과 감동의 결말을 그리고 있다.','18','5',null,'인어가 잠든 집.jpg',null,45,'N','book_file.pdf',null);
Insert into DREAM.BOOK (BOOK_NO,USER_ID,BOOK_TITLE,PRICE,BOOK_CONTENT,AUTHOR_CODE,CATEGORY_CODE,BOOK_TAG_CODE,BOOK_IMG_ORIGINAL_FILENAME,BOOK_IMG_RENAME_FILENAME,SALE_COUNT,DISPLAY_BOOK,BOOK_FILE_ORIGINAL_NAME,BOOK_FILE_RENAMED_NAME) values ('9788998274412','publisher6','루팡의 딸',12800,'루팡의 딸이 경찰남친을 만났다!

도둑 집안의 대부 이와오에게는 하나코라는 손녀딸이 있다. 하나코는 자신의 신분을 숨긴 채 경찰 집안의 장남 카즈마와 사귀고 있다. 그러던 어느 날 이와오가 괴한에 의해 피살되는 일이 발생하는데…. 상상치도 못할 범인의 정체는?
','14','5',null,'루팡의 딸.jpg',null,76,'N','book_file.pdf',null);
Insert into DREAM.BOOK (BOOK_NO,USER_ID,BOOK_TITLE,PRICE,BOOK_CONTENT,AUTHOR_CODE,CATEGORY_CODE,BOOK_TAG_CODE,BOOK_IMG_ORIGINAL_FILENAME,BOOK_IMG_RENAME_FILENAME,SALE_COUNT,DISPLAY_BOOK,BOOK_FILE_ORIGINAL_NAME,BOOK_FILE_RENAMED_NAME) values ('9788998274931','publisher9','봉제인형 살인사건',10000,'런던의 허름한 아파트에서 신체의 여섯 부위를 꿰매서 이어 붙인 시신 한 구가 발견된다. 각 신체 부위는 서로 다른 사람의 몸에서 가져온 것이므로, 희생자는 총 여섯 명이다. 여섯 명의 희생자가 누구인지, 그들의 공통점은 무엇인지에 대해 어떠한 단서도 없어 수사가 미궁에 빠질 무렵, 또 다른 편지 한 통이 울프 형사에게 전달된다. 편지에는 또 다른 여섯 명의 이름과 날짜가 적혀 있다. 런던 경찰이 봉제인형 살인사건의 희생자들을 추적하는 과정에서 그 누구도 상상할 수 없는 엄청난 비밀이 드러나는데….','5','5',null,'봉제인형 살인사건.jpg',null,35,'N','book_file.pdf',null);
Insert into DREAM.BOOK (BOOK_NO,USER_ID,BOOK_TITLE,PRICE,BOOK_CONTENT,AUTHOR_CODE,CATEGORY_CODE,BOOK_TAG_CODE,BOOK_IMG_ORIGINAL_FILENAME,BOOK_IMG_RENAME_FILENAME,SALE_COUNT,DISPLAY_BOOK,BOOK_FILE_ORIGINAL_NAME,BOOK_FILE_RENAMED_NAME) values ('9788901242668','woongjin','당신이 꽃같이 돌아오면 좋겠다',16000,'기억을 잃어가는 치매 노인들의 삶을 7년간 꾸준히 기록해온 현직 요양보호사의 감동 에세이『당신이 꽃같이 돌아오면 좋겠다』. 강원도 원주의 한 요양원에서 근무하고 있는 저자는 지난 7년간 100여 명의 노인들을 떠나 보내며, 그들의 마지막 나날들을 글로 담았다. 삶의 마지막 순간에 우리가 가질 수 있는 것이 오직 기억뿐이라면, 기억조차 사라진 삶에는 어떤 의미가 있을까. 저자는 치매 노인들의 조각난 기억들을 그러모아 그들의 인생을 기워보며, 기억이라는 형태로도 담을 수 없는 인생의 가장 빛나는 가치가 무엇인지를 전한다.','3','8',null,'당신이 꽃같이 돌아오면 좋겠다.PNG',null,304,'Y','book_file.pdf',null);
Insert into DREAM.BOOK (BOOK_NO,USER_ID,BOOK_TITLE,PRICE,BOOK_CONTENT,AUTHOR_CODE,CATEGORY_CODE,BOOK_TAG_CODE,BOOK_IMG_ORIGINAL_FILENAME,BOOK_IMG_RENAME_FILENAME,SALE_COUNT,DISPLAY_BOOK,BOOK_FILE_ORIGINAL_NAME,BOOK_FILE_RENAMED_NAME) values ('9791158791070','publisher9','열세 번째 배심원',9000,'범인이 남긴 흉기와 표식에서도 로버트의 지문과 DNA가 발견되면서 그가 유죄 판결을 받으리라는 것은 거의 기정사실화된다. 하지만 진짜 살인범은 로버트의 법정 배심원석에 앉아 있었다. 그는 태연하게 재판이 진행되는 전 과정을 지켜보며 로버트의 유죄 선고를 끌어내기 위해 천재적인 두뇌를 이용하여 계획을 하나둘 실행에 옮겨나간다. 한편 재능 있는 배우의 연기력을 의심하면서도 본능적으로 그의 결백을 믿는 사기꾼 출신 변호사 에디 플린은 관련 자료를 훑어보던 중 이상한 점 하나를 발견한다. 분노에 의한 충동적 살인이 아닌 연쇄살인범의 기괴한 살인 행각이라 확신한 그는 로버트의 누명을 벗기기 위해 고군분투하는데…….','17','4',null,'열세번째 배심원.jpg',null,67,'N','book_file.pdf',null);
Insert into DREAM.BOOK (BOOK_NO,USER_ID,BOOK_TITLE,PRICE,BOOK_CONTENT,AUTHOR_CODE,CATEGORY_CODE,BOOK_TAG_CODE,BOOK_IMG_ORIGINAL_FILENAME,BOOK_IMG_RENAME_FILENAME,SALE_COUNT,DISPLAY_BOOK,BOOK_FILE_ORIGINAL_NAME,BOOK_FILE_RENAMED_NAME) values ('9788956604992','shf','7년의 밤',14000,'살인마의 아들이라는 굴레를 쓰고 떠돌던 아들이 아버지의 사형집행 소식을 듣는다. 아버지의 죽음은 7년 전 그날 밤으로 아들을 데려가고, 아들은 아직 그날 밤이 끝나지 않았음을 깨닫는다. 한편, 소설 속 소설에서는 7년 전 우발적으로 어린 소녀를 살해한 뒤 죄책감으로 미쳐가는 남자와 딸을 죽인 범인의 아들에게 복수를 감행하는 피해자의 숨 막히는 대결이 펼쳐진다.','3','5',null,'7년의 밤.jpg',null,57,'N','book_file.pdf',null);
Insert into DREAM.BOOK (BOOK_NO,USER_ID,BOOK_TITLE,PRICE,BOOK_CONTENT,AUTHOR_CODE,CATEGORY_CODE,BOOK_TAG_CODE,BOOK_IMG_ORIGINAL_FILENAME,BOOK_IMG_RENAME_FILENAME,SALE_COUNT,DISPLAY_BOOK,BOOK_FILE_ORIGINAL_NAME,BOOK_FILE_RENAMED_NAME) values ('9788972757573','publisher4','라플라스의 마녀',9000,'두 개의 죽음과 연관된 8년 전의 사고에 대한 열쇠를 쥐고 있는 한 소녀의 이야기를 담고 있는 이번 소설은 나비에 스토크스 방정식과 라플라스 이론 등 물리학, 수리학의 난제들과 함께 뇌의학의 세계, SF적 상상력 그리고 황화수소를 이용한 교묘한 범죄에 얽힌 주인공들의 가족사와 그들의 사랑과 복수를 그리고 있다.

돌연한 토네이도에 휩쓸려 한순간에 엄마를 잃은 마도카. 그날 뇌의학계의 권위자인 아버지 우하라 박사는 한 소년의 수술 일정이 잡혀 재난을 피한다. 그로부터 8년 뒤, 마도카의 경호를 맡게 된 전직 경찰 다케오는 그녀가 미래를 예측하는 듯한 일들을 접하면서 마도카에게 어떤 신비한 ''능력''이 있다고 느낀다.

그 무렵, D현의 온천지에서 황화수소 중독으로 육십 대의 영화 프로듀서가 사망하고 또 다른 온천지에서도 유사한 양상의 황화수소 중독 사망 사고가 일어난다. 원인 규명에 나선 지구화학 전문가 아오에 교수는 불가사의한 현상을 해명하는 데 어려움을 겪던 중, 두 현장에서 누군가를 찾고 있는 마도카와 마주치는데…….
','16','5',null,'라플라스의 마녀.jpg',null,57,'N','book_file.pdf',null);
Insert into DREAM.BOOK (BOOK_NO,USER_ID,BOOK_TITLE,PRICE,BOOK_CONTENT,AUTHOR_CODE,CATEGORY_CODE,BOOK_TAG_CODE,BOOK_IMG_ORIGINAL_FILENAME,BOOK_IMG_RENAME_FILENAME,SALE_COUNT,DISPLAY_BOOK,BOOK_FILE_ORIGINAL_NAME,BOOK_FILE_RENAMED_NAME) values ('9788983924469','woongjin','돌이킬 수 없는 약속',13500,'자신이 일하던 가게의 손님이었던 오치아이의 제안으로 바를 겸하는 레스토랑의 공동경영자가 된 무카이. 그는 지금 과거의 삶을 버리고, 믿을 수 있는 파트너와 자신의 성(城)을 새롭게 구축하였다. 사랑하는 가족과 함께 소박하지만 평온한 삶을 누리고 있다.

그러던 어느 날, 버려버린 과거에서 도착한 한 통의 편지가 예전에 봉인한 기억을 되살린다. ''그들은 지금 교도소에서 나왔습니다.'' 편지지에는 그 한 줄만 적혀 있었다. 사람이 죄를 지으면 어떻게 그 대가를 치러야 할까? 죄를 한 번 저지르면 그 사람은 영원히 행복해질 수 없고 새로운 삶을 꿈꿔서도 안 되는 것일까? 한 번 죄를 저지른 사람은 새 삶을 꿈꿀 수 없는 것일까? ','6','5',null,'돌이킬 수 없는 약속.jpg',null,46,'N','book_file.pdf',null);
Insert into DREAM.BOOK (BOOK_NO,USER_ID,BOOK_TITLE,PRICE,BOOK_CONTENT,AUTHOR_CODE,CATEGORY_CODE,BOOK_TAG_CODE,BOOK_IMG_ORIGINAL_FILENAME,BOOK_IMG_RENAME_FILENAME,SALE_COUNT,DISPLAY_BOOK,BOOK_FILE_ORIGINAL_NAME,BOOK_FILE_RENAMED_NAME) values ('9788947545655','publisher6','유 미 에브리싱',10000,'오래 전부터 요양원에서 병마와 싸우며 나날이 쇠약해져가고 있는 제스의 엄마는 그녀가 늘 인정하기를 거부해왔던 일, 즉 윌리엄에게도 아빠가 필요하다는 사실을 깨닫게 한다. 제스는 자신이 누군지 조금씩 잊어가고 있는 엄마를 아빠 곁에 홀로 남겨둔 채 이곳 프랑스까지 날아온 이상 애덤이 윌리엄을 사랑하게 만들고야 말겠다고 결심한다. 하지만 애덤은 그다지 동참할 의지가 없어 보이고, 그녀의 마음은 점점 조급해진다. 사실 제스는 이곳에 온 진짜 이유를 혼자만의 비밀로 숨기고 있는데……','3','2',null,'유 미 에브리싱.jpg',null,54,'N','book_file.pdf',null);
Insert into DREAM.BOOK (BOOK_NO,USER_ID,BOOK_TITLE,PRICE,BOOK_CONTENT,AUTHOR_CODE,CATEGORY_CODE,BOOK_TAG_CODE,BOOK_IMG_ORIGINAL_FILENAME,BOOK_IMG_RENAME_FILENAME,SALE_COUNT,DISPLAY_BOOK,BOOK_FILE_ORIGINAL_NAME,BOOK_FILE_RENAMED_NAME) values ('9788998427283','publisher11','인형공장',9100,'아이리스는 신비한 아름다움을 지닌 여인이다. 지금은 인형 가게에서 견습생으로 일하고 있지만 언젠가 화가가 되기를 꿈꾼다. 그리고 소름 끼치는 물건을 병적으로 모으는 외로운 수집가 사일러스. 그는 자신의 기괴한 수집품을 전시할 박물관을 만드는 게 꿈이다. 화가가 되기를 열망하는 젊은 여자 아이리스, 그리고 그녀를 향한 집착 때문에 결국 그녀의 세계를 파괴하고 마는 사일러스.','6','2',null,'인형공장.jpg',null,54,'N','book_file.pdf',null);
Insert into DREAM.BOOK (BOOK_NO,USER_ID,BOOK_TITLE,PRICE,BOOK_CONTENT,AUTHOR_CODE,CATEGORY_CODE,BOOK_TAG_CODE,BOOK_IMG_ORIGINAL_FILENAME,BOOK_IMG_RENAME_FILENAME,SALE_COUNT,DISPLAY_BOOK,BOOK_FILE_ORIGINAL_NAME,BOOK_FILE_RENAMED_NAME) values ('9791131939901','shf','나는 내일, 어제의 너와 만난다',13000,'교토의 미대에 다니는 내가 한눈에 반한 여자아이. 산봉우리의 꽃처럼 보이던 그녀에게 마음 단단히 먹고 말을 걸어 교제에 성공했다.
배려심이 많고 외로움을 잘 타는 그녀는 내가 상상도 하지 못한 커다란 비밀을 안고 있었는데…….
','12','2',null,'나는 내일, 어제의 너와 만난다.PNG',null,34,'N','book_file.pdf',null);
Insert into DREAM.BOOK (BOOK_NO,USER_ID,BOOK_TITLE,PRICE,BOOK_CONTENT,AUTHOR_CODE,CATEGORY_CODE,BOOK_TAG_CODE,BOOK_IMG_ORIGINAL_FILENAME,BOOK_IMG_RENAME_FILENAME,SALE_COUNT,DISPLAY_BOOK,BOOK_FILE_ORIGINAL_NAME,BOOK_FILE_RENAMED_NAME) values ('9791133434510','moonandji','오렌지',9100,'여주인공 ''타카미야 나호''에게 보내진 두툼한 한 통의 편지, 그 한 통의 편지로 연결된 6명의 인연과 미스터리한 이야기를 그린 소설 『오렌지(ORANGE)』. 고등학교 2학년 개학식 날 아침 타카미야 나호에게 10년 뒤의 자신이 보낸 편지가 도착한다. 그 편지에는 그날 전학 오는 나루세 카케루를 나호가 좋아하게 된다는 것과 카케루가 2학년 겨울에 사고로 죽어 10년 뒤에는 이 세상에 없다는 내용이 적혀 있다.

나호는 미래의 자신이 전하는대로 모든 사실들이 하나둘씩 일어나는 과정에 놀라며, 편지의 내용을 믿게된다. 어떻게든 카케루를 구하고 싶은 나호와, 그녀를 도와준 친구들. 친구들 역시 10년 뒤의 자신으로부터 카케루를 구해달라는 편지가 도착한다. 5명에게 각자 미래의 자신들이 보낸 편지에는 ‘카케루를 반드시 구해 달라’는 이야기가 적혀 있었다. 나호와 친구들은 미래 자신들의 소망인 ‘카케루 구하기’를 성공할 수 있을까.
','14','2',null,'오렌지.PNG',null,67,'N','book_file.pdf',null);
Insert into DREAM.BOOK (BOOK_NO,USER_ID,BOOK_TITLE,PRICE,BOOK_CONTENT,AUTHOR_CODE,CATEGORY_CODE,BOOK_TAG_CODE,BOOK_IMG_ORIGINAL_FILENAME,BOOK_IMG_RENAME_FILENAME,SALE_COUNT,DISPLAY_BOOK,BOOK_FILE_ORIGINAL_NAME,BOOK_FILE_RENAMED_NAME) values ('9791155642016','publisher12','이 세계에서 너와 두 번째 첫사랑을',6800,'서투르고 어설펐기에 잘 풀리지 않았던 첫사랑 이야기는 많은 로맨스 소설의 소재로 자리 잡았다. 순수하게 서로에게 반하지만 순수하기 때문에 잘 이뤄지지 않는 첫사랑 이야기는 여전히 많은 사람들의 가슴을 두근거리게 만든다. 일본 최고의 출판사 중 하나인 가도카와서점에서 뽑은 가쿠요무 웹소설 로맨스부문 특별상을 수상한 『이 세계에서 너와 두 번째 첫사랑을』은 ‘실망스럽게 끝난 첫사랑을 다시 시작할 수 있다면?’ 하는 소박한 의문으로 시작한 로맨스 소설이다. 과거를 바꿀 수 있는 일기장을 소재로, 이상하게 끝나버린 첫사랑을 다시 시작한다는 이 소설은 사랑에 고민하는 청소년뿐만 아니라 한 번쯤 사랑에 아파했던 우리들 모든 가슴을 위로해준다.','16','2',null,'이 세계에서 너와 두 번째 첫사랑을.jpg',null,23,'N','book_file.pdf',null);
Insert into DREAM.BOOK (BOOK_NO,USER_ID,BOOK_TITLE,PRICE,BOOK_CONTENT,AUTHOR_CODE,CATEGORY_CODE,BOOK_TAG_CODE,BOOK_IMG_ORIGINAL_FILENAME,BOOK_IMG_RENAME_FILENAME,SALE_COUNT,DISPLAY_BOOK,BOOK_FILE_ORIGINAL_NAME,BOOK_FILE_RENAMED_NAME) values ('9791160261646','woongjin','그녀, 클로이',9000,'그의 열아홉 번째 소설 『그녀, 클로이』는 맨해튼 5번가 12번지 아파트 주민들과 9층 여자 클로이를 중심으로 다름에 대한 문제의식을 담아낸 소설이다. 고급 아파트가 즐비한 부자 동네와 어울리지 않는, 수동식 엘리베이터가 있는 아파트와 입주민 뉴요커들은 지금 당장이라도 맨해튼 거리에서 만나볼 수 있을 것같이 생생하게 그려져 있다. 성직에 가까울 만큼 진지하고 성실하게 자신의 소명을 다하는 인도인 엘리베이터 승무원 디팍. 그는 매일같이 오페라 애호가인 고상한 알콜 중독자, 앵무새를 기르며 혼자 사는 다정한 마음씨의 노부인, 소문난 프랑스인 잉꼬부부와 인색한 청교도 부부, 외국인 혐오증을 가진 칼럼니스트, 하반신 장애를 가진 9층 여자 클로이를 엘리베이터에 태워 아파트를 오르내린다. 그리고 인도 뭄바이에서 날아온 디팍의 조카 산지가 추락 사고를 당한 동료를 대신하면서, 평화롭던 이들 공동체의 삶을 뒤흔드는 변화가 찾아온다.','11','2',null,'그녀, 클로이.jpg',null,34,'N','book_file.pdf',null);
Insert into DREAM.BOOK (BOOK_NO,USER_ID,BOOK_TITLE,PRICE,BOOK_CONTENT,AUTHOR_CODE,CATEGORY_CODE,BOOK_TAG_CODE,BOOK_IMG_ORIGINAL_FILENAME,BOOK_IMG_RENAME_FILENAME,SALE_COUNT,DISPLAY_BOOK,BOOK_FILE_ORIGINAL_NAME,BOOK_FILE_RENAMED_NAME) values ('9791185051093','woongjin','신더',13500,'몸의 일부를 기계로 개조당한 소녀인 신더는 의붓어머니와 의붓자매들, 안드로이드 이코와 함께 시장 구석에서 정비공으로 일하고 있다. 어느 날, 신더의 정비소에 동방연방의 황태자 카이토가 갑자기 찾아온다. 최고의 정비공으로 알려져 있는 신더에게 안드로이드의 수리를 부탁하러 온 것이다. 하지만 신더의 정비소가 자리한 시장에서 전염병 환자가 발견되고, 신더의 의붓 어머니는 신더를 전염병 치료제 개발을 위한 사이보그 생체실험 대상으로 보내버린다.','9','2',null,'신더.PNG',null,87,'N','book_file.pdf',null);
Insert into DREAM.BOOK (BOOK_NO,USER_ID,BOOK_TITLE,PRICE,BOOK_CONTENT,AUTHOR_CODE,CATEGORY_CODE,BOOK_TAG_CODE,BOOK_IMG_ORIGINAL_FILENAME,BOOK_IMG_RENAME_FILENAME,SALE_COUNT,DISPLAY_BOOK,BOOK_FILE_ORIGINAL_NAME,BOOK_FILE_RENAMED_NAME) values ('9791188862290','publisher4','지구에서 한아뿐',12800,'칫솔에 근사할 정도로 적당량의 치약을 묻혀 건네는 모습에 감동하는 한아는 저탄소생활을 몸소 실천하는 의류 리폼 디자이너다. 그녀는 ‘환생’이라는 작은 옷 수선집을 운영하며 누군가의 이야기와 시간이 담긴 옷에 작은 새로움을 더해주곤 한다. 한아에게는 스무 살 때부터 좋아한, 만난 지 11년 된 남자친구 경민이 있다. 늘 익숙한 곳에 머무려 하는 한아와 달리 자유분방하게 살아가는 경민은 이번 여름에도 혼자 유성우를 보러 캐나다로 훌쩍 떠나버린다. 자신의 사정을 고려해주지 않는 경민이 늘 서운했지만 체념이라고 부르는 애정도 있는 것이라 생각하는 한아. 때마침 캐나다에 운석이 떨어져 소동이 벌어졌다는 뉴스에 한아는 걱정이다. 경민은 무사히 돌아왔지만 어딘지 미묘하게 낯설어졌다. 팔에 있던 커다란 흉터가 사라졌는가 하면 그렇게나 싫어하던 가지무침도 맛있게 먹는다. 그리고 무엇보다도 한아를 늘 기다리게 했던 그였는데 이제는 매순간 한아에게 집중하며 “조금 더 함께 있는” 듯한 기분을 준다. 달라진 경민의 모습과 수상한 행동이 의심스러운 한아는 무언가가 잘못되어간다고 혼란에 빠지는데……','15','2',null,'지구에서 한아뿐.jpg',null,98,'N','book_file.pdf',null);
Insert into DREAM.BOOK (BOOK_NO,USER_ID,BOOK_TITLE,PRICE,BOOK_CONTENT,AUTHOR_CODE,CATEGORY_CODE,BOOK_TAG_CODE,BOOK_IMG_ORIGINAL_FILENAME,BOOK_IMG_RENAME_FILENAME,SALE_COUNT,DISPLAY_BOOK,BOOK_FILE_ORIGINAL_NAME,BOOK_FILE_RENAMED_NAME) values ('9791190594035','moonandji','일주일 만에 사랑할 순 없다',10000,'2018년 『회색 인간』으로 데뷔하여 한국 문단에 큰 충격을 주었던 김동식의 신작 소설집. 카카오페이지 연재 당시 반응이 좋았던 작품들과 작가의 색다른 시도가 돋보이는 미공개 신작 등 23편의 단편을 모았다. 표제작 「일주일 만에 사랑할 순 없다」는 지구 멸망을 한 주 앞두고 사랑에 빠진 두 남녀의 생존 로맨스다. SF, 공포, 스릴러, 판타지 등 장르를 넘나드는 김동식 작가가 처음으로 로맨스 장르에 도전했다. 기존 김동식 소설과는 다른 서정적이고 로맨틱한 분위기의 소설로, 특유의 상상력과 허를 찌르는 반전을 더해 이야기의 완성도를 높였다. 『일주일 만에 사랑할 순 없다』는 기존 소설집이 보여준 신선함을 뛰어넘어 작가로서의 지속 가능성을 보여주는 완성도 있는 작품만을 선별했다. “믿고 있던 것을 의심하게 하고, 보고 싶지 않았던 것을 보게 하는 감각적 충격”(정세랑)을 전하는 소설집이다.','5','2',null,'일주일 만에 사랑할 순 없다.jpg',null,98,'N','book_file.pdf',null);
Insert into DREAM.BOOK (BOOK_NO,USER_ID,BOOK_TITLE,PRICE,BOOK_CONTENT,AUTHOR_CODE,CATEGORY_CODE,BOOK_TAG_CODE,BOOK_IMG_ORIGINAL_FILENAME,BOOK_IMG_RENAME_FILENAME,SALE_COUNT,DISPLAY_BOOK,BOOK_FILE_ORIGINAL_NAME,BOOK_FILE_RENAMED_NAME) values ('9791196624767','publisher9','우린 괜찮아',16000,'마린은 침대 위에 누워 메이블을 기다리고 있다. 지난 기억을 떠올리며. 목구멍을 타고 넘어가던 뜨거운 위스키 향, 메이블의 짭짤한 입술 맛, 메이블과 흙바닥을 뒹군 뒤 거지꼴로 나타난 자신을 보고도 별말 않던 할아버지의 따스한 눈길 같은 것들을. 유일한 가족인 할아버지가 거대한 파도 속으로 사라져버린 뒤 마린은 모든 걸 내팽개치고 이곳 뉴욕으로 숨는 것을 택했다. 걱정할 것을 뻔히 알면서도 연락 한 번 하지 않은 자신을 메이블이 용서해줄 리 없었다. 읽지 않은 900개의 문자가 틀어진 둘 사이를 증명하듯 쌓여 있었다. 다시는 되돌아갈 수 없는 과거의 장면들이 어지럽게 뒤엉키며 마음을 싱숭생숭하게 만들던 그 순간, 휴대폰이 울리며 문자가 도착했음을 알린다. ‘나 왔어.’','4','2',null,'우린 괜찮아.jpg',null,77,'N','book_file.pdf',null);
Insert into DREAM.BOOK (BOOK_NO,USER_ID,BOOK_TITLE,PRICE,BOOK_CONTENT,AUTHOR_CODE,CATEGORY_CODE,BOOK_TAG_CODE,BOOK_IMG_ORIGINAL_FILENAME,BOOK_IMG_RENAME_FILENAME,SALE_COUNT,DISPLAY_BOOK,BOOK_FILE_ORIGINAL_NAME,BOOK_FILE_RENAMED_NAME) values ('9788901243283','woongjin','내가 너의 첫문장 이었을 때',15000,'찬란했던 과거의 한 순간으로 우리를 데리고 가 언젠가 느꼈을 기쁨과 슬픔, 두려움과 그리움을 다시금 느끼게 해준다. 지친 일상을 위로해주던 라디오 DJ의 클로징 멘트처럼, 할머니가 한 알씩 꺼내주던 ‘사랑방 알사탕’처럼 독자들이 이 책을 읽으며 일곱 명의 작가들과 소곤소곤 수다를 나누는 독서의 시간을 가지길 바란다.','4','8',null,'내가너의 첫문장이었을 때.PNG',null,41,'Y','book_file.pdf',null);
Insert into DREAM.BOOK (BOOK_NO,USER_ID,BOOK_TITLE,PRICE,BOOK_CONTENT,AUTHOR_CODE,CATEGORY_CODE,BOOK_TAG_CODE,BOOK_IMG_ORIGINAL_FILENAME,BOOK_IMG_RENAME_FILENAME,SALE_COUNT,DISPLAY_BOOK,BOOK_FILE_ORIGINAL_NAME,BOOK_FILE_RENAMED_NAME) values ('9788950986780','arte','말하면 다 현실이 되는 세탁소 옆집',12800,'말하면 다 현실이 되는』에서 주인장들은 2017년 금호동 세탁소 옆에 처음 맥주 슈퍼의 문을 열고, 2019년 한남동에 2호점을 내기까지의 과정을 낱낱이 담아내고 있다. 지인의 가게에서 일일 맥주 슈퍼를 열고 나름의 흥행을 거둔 뒤 창업을 결심한 시점부터, 다사다난했던 창업 전후, 소상공인으로서 맥주 보틀숍 운영을 안정화시키고, 이런저런 콘텐츠 이벤트를 통해 단골손님들을 만나 시트콤처럼 유쾌한 커뮤니티를 형성하기까지, 사이드 허슬이라는 말로 한정 짓기에는 풍부한 퇴근 후 창업 노하우와 에피소드들이 가득하다. 이제 세탁소옆집은 금호동과 한남동의 작은 골목에서 힙한 사랑방으로 톡톡히 자리를 잡고 있다. ‘의미 없는 것을 잔뜩 하는 게 인생’이라는 말이 주인장들의 모토라고 하지만, 사실 그중에 의미 없는 일은 없었던 셈이다.','1','8',null,'세탁소옆집.PNG',null,232,'Y','book_file.pdf',null);
Insert into DREAM.BOOK (BOOK_NO,USER_ID,BOOK_TITLE,PRICE,BOOK_CONTENT,AUTHOR_CODE,CATEGORY_CODE,BOOK_TAG_CODE,BOOK_IMG_ORIGINAL_FILENAME,BOOK_IMG_RENAME_FILENAME,SALE_COUNT,DISPLAY_BOOK,BOOK_FILE_ORIGINAL_NAME,BOOK_FILE_RENAMED_NAME) values ('9788954672733','publisher11','말하기를 말하다',13000,'『말하기를 말하기』는 왜 우리는 말하기를 배우지 않는 것일까? 이 의문에서 시작한다. 1인 미디어 시대로 접어든 지금은 “작은 마이크들이 무수히 많아진 시대이기도 하다. 세상이 내게 마이크를 주지 않아도 자신의 이야기를 꺼내놓을 수 있는 시대다.”(204쪽, 「목소리를 냅시다」 중에서) 그래서 더더욱 제대로 말하는 법을, 제대로 목소리 내는 방법을 알아야 한다. 김하나 작가는 정확한 발음과 편안함을 주는 목소리로 도서 팟캐스트 〈책읽아웃〉 진행을 비롯해 다양한 강연을 이어나가고 있다. 신뢰감을 주는 말하기로 수많은 청자들의 마음을 움직이는 그가 그간 고민해온 ‘말하기’에 관한 생각들을 이 한 권에 담았다','5','8',null,'말하기를 말하기.PNG',null,71,'Y','book_file.pdf',null);
Insert into DREAM.BOOK (BOOK_NO,USER_ID,BOOK_TITLE,PRICE,BOOK_CONTENT,AUTHOR_CODE,CATEGORY_CODE,BOOK_TAG_CODE,BOOK_IMG_ORIGINAL_FILENAME,BOOK_IMG_RENAME_FILENAME,SALE_COUNT,DISPLAY_BOOK,BOOK_FILE_ORIGINAL_NAME,BOOK_FILE_RENAMED_NAME) values ('9788968332647','h_bird','적당히 가까운 사이',10150,'2019년, 오랜 무기력증 극복의 기록을 담은 《게으른 게 아니라 충전 중입니다》에서 뼛속까지 ‘집순이’ 체질인 저자의 인생 슬럼프를 극복하는 마음 충전법을 다뤘던 저자 댄싱스네일이 이번 책 『적당히 가까운 사이』에서는 ‘인간관계 미니멀리스트’라는 또 하나의 정체성을 꺼내 관계에 피로해진 사람들을 위한 ‘관계 디톡스’를 이야기한다.《적당히 가까운 사이》는 나를 둘러싼 숱한 관계가 버겁고 불필요한 감정에 지친, 이른바 ‘관태기(관계+권태기)’를 겪는 사람들을 위한 책이다. 사람은 누군가와 끊임없이 관계를 맺고 살아간다. 하지만 개인이 감당할 수 있는 관계 에너지는 한정되어 있기에 여러 관계에 부대끼는 날이 올 수밖에 없다. 체했을 때 순한 음식으로 속을 달래는 것처럼, 사람에 체했을 때도 마음을 비우고 달래야 한다. 인간관계 디톡스가 절실한 때인 것이다.
관계에 있어서도 덜어 내고 비우고 거리를 두는 ‘적당함’이 필요하다. 너무 가까우면 버겁고 너무 멀면 외로워지기 마련이다. 마음의 방이 꽉 차 버겁거나 ‘진짜’ 관계에 허기져 있다면, 가깝지도 멀지도 않은 적당한 거리를 원한다면 이 책을 펼칠 때다. 댄싱스네일이 전하는 ‘적당함의 기술’을 통해 현재 맺고 있는 관계를 돌아보고 덜어 낼 관계는 덜어 내며 내 마음이 먼저인 관계 거리두기를 실천해 보자. 내가 원하고 선택하는, 건강한 관계를 만들기 위한 관계 디톡스는 결코 어렵지 않다.','2','8',null,'적당히 가까운 사이.PNG',null,200,'Y','book_file.pdf',null);
Insert into DREAM.BOOK (BOOK_NO,USER_ID,BOOK_TITLE,PRICE,BOOK_CONTENT,AUTHOR_CODE,CATEGORY_CODE,BOOK_TAG_CODE,BOOK_IMG_ORIGINAL_FILENAME,BOOK_IMG_RENAME_FILENAME,SALE_COUNT,DISPLAY_BOOK,BOOK_FILE_ORIGINAL_NAME,BOOK_FILE_RENAMED_NAME) values ('9791130629636','shf','애쓰지 않고 편안하게',15000,'이 책에서는 어설픈 악당이나 쁘띠 또라이에게서 정확한 표현으로 나를 지키면서도 사소한 일에는 날 세우지 않는 사람이 될 수 있는 방법을 소개한다. 1장과 2장은 자존감을 지키며 나답게 사는 법, 3장과 4장은 타인과 조화롭게 지내면서도 당당하게 사는 태도, 5장과 6장은 마음을 언어로 표현하며 사랑을 배우는 과정을 담았다.이 책에는 따뜻한 공감과 시원한 솔루션이 담긴 글과 그림이 가득하다. 밑줄을 긋고, 오랫동안 기억해두고 싶은 문장도 많다. “비슷한 주제를 다룬 다른 책들이 다큐라면 이 책은 시트콤이다. 친구와 고민을 나누듯 유쾌, 상쾌, 통쾌하게 읽을 수 있는 있다. 관계가 힘들고 불편하고 공허했다면, 이제 이 책을 통해 삶의 균형을 회복하고 나답게 편안하게 관계 맺는 법을 배워보자.','8','8',null,'애쓰지 않고 편안하게.PNG',null,250,'Y','book_file.pdf',null);
Insert into DREAM.BOOK (BOOK_NO,USER_ID,BOOK_TITLE,PRICE,BOOK_CONTENT,AUTHOR_CODE,CATEGORY_CODE,BOOK_TAG_CODE,BOOK_IMG_ORIGINAL_FILENAME,BOOK_IMG_RENAME_FILENAME,SALE_COUNT,DISPLAY_BOOK,BOOK_FILE_ORIGINAL_NAME,BOOK_FILE_RENAMED_NAME) values ('9791186639702','publisher6','하고 싶은 대로 살아도 괜찮아',13000,'누군가에게 휘둘리지 않고 자유로운 나로 살기 위한 저자의 이야기를 읽고 있자면 마음이 따뜻해짐을 느낀다. 자기 자신으로 자립해가는 성숙의 과정이 마치 내 모습과도 같아 때론 눈물겹고 때론 기특하다. 이 책은 오롯이 자신에게 집중하며, 있는 그대로의 나를 사랑하고 싶은 사람들에게 위로와 공감을 불러일으킬 것이다. 완벽하지 않아도 괜찮다는 저자의 이야기들을 통해 타인의 말에 흔들리지 않고 자신만의 길을 가는, 나답게 사는 진짜 나를 찾는 여정을 떠나보자.','16','8',null,'하고 싶은 대로 살아도 괜찮아.PNG',null,5,'Y','book_file.pdf',null);
Insert into DREAM.BOOK (BOOK_NO,USER_ID,BOOK_TITLE,PRICE,BOOK_CONTENT,AUTHOR_CODE,CATEGORY_CODE,BOOK_TAG_CODE,BOOK_IMG_ORIGINAL_FILENAME,BOOK_IMG_RENAME_FILENAME,SALE_COUNT,DISPLAY_BOOK,BOOK_FILE_ORIGINAL_NAME,BOOK_FILE_RENAMED_NAME) values ('9791189584689','publisher12','나답게 살고 있냐고 마흔이 물었다',15000,'이 책은 마흔도 괜찮다는 위로 이상으로 ‘마흔이 되어야만 비로소 알게 되는 삶의 요령’을 들려준다. 서른 전까지는 원하는 대학이나 직업 등을 얻기 위해 바빴다면, 마흔부터는 지난 노력을 바탕으로 내가 그리는 삶을 살게 된다. 나의 재능을 찾게 되고, 쓸데없는 일에 에너지를 소모하지 않는다. 또한 철없던 시절과 달리 비혼의 삶을 무조건 환상으로만 보지 않고, 지금의 사랑은 아무 예고 없이 갑자기 끝날 수 있다는 담담한 현실의 눈도 갖게 된다. 나와 생각이 다른 타인을 배척하지 않는 포용력도 생겼지만, 대신 ‘좋은 게 좋은 거야’ 하고 어물쩍 넘어가면서 누군가의 호감을 사려고 하지는 않다. 남에게 미움을 사는 일보다 더 두려운 건 내가 원하는 대로 살지 못하는 것이니까.','10','8',null,'나답게 살고 있냐고 마흔이 물었다.PNG',null,170,'Y','book_file.pdf',null);
Insert into DREAM.BOOK (BOOK_NO,USER_ID,BOOK_TITLE,PRICE,BOOK_CONTENT,AUTHOR_CODE,CATEGORY_CODE,BOOK_TAG_CODE,BOOK_IMG_ORIGINAL_FILENAME,BOOK_IMG_RENAME_FILENAME,SALE_COUNT,DISPLAY_BOOK,BOOK_FILE_ORIGINAL_NAME,BOOK_FILE_RENAMED_NAME) values ('9791190826037','publisher9','앞으로 좋은 일만 있을 나에게',14500,'마음이 한없이 좁아질 때가 있다. 나쁜 일 하나로도 가득 찰 정도로 좁아진다. 그때는 누구도 좁아진 마음을 넓혀 줄 수 없다. 어떻게 해야 할까? 마음에서 나쁜 일을 내보내야 한다.
오늘 일어난 나쁜 일이 인생의 운명인 듯 착각하지 말고, 미래의 좋은 일을 바라볼 수 있어야 한다. 나쁜 일에는 유효 기한이 있다. 내가 인생의 중심이 되어 쓰러지지 않는 한, 나쁜 일은 반드시 지나간다.
타이완 청춘 롤모델이자, 베스트셀러 작가인 저자는 인생의 깊은 밤을 지나가고 있는 이들에게 말한다.
','14','8',null,'앞으로 좋은일만 있을 나에게.PNG',null,40,'Y','book_file.pdf',null);
Insert into DREAM.BOOK (BOOK_NO,USER_ID,BOOK_TITLE,PRICE,BOOK_CONTENT,AUTHOR_CODE,CATEGORY_CODE,BOOK_TAG_CODE,BOOK_IMG_ORIGINAL_FILENAME,BOOK_IMG_RENAME_FILENAME,SALE_COUNT,DISPLAY_BOOK,BOOK_FILE_ORIGINAL_NAME,BOOK_FILE_RENAMED_NAME) values ('9791197023019','publisher4','집에 있는데도 집에 가고 싶어',13500,'집에 있는데도 집에 가고 싶은 이 기분은 뭘까? 텅 빈 마음에 공허함만 가득 찼을 때 꺼내 읽기 딱 좋은 이 책을 당신에게 건넨다. 웅크리고 있다가도 갓 빨래한 이불의 뽀송함에서 사소한 행복의 조각을 찾는 맑은 마음. 처절한 이별 후에도 툭툭 털고 다시 일어나 영원한 사랑을 꿈꿀 수 있는 희망찬 마음. 참 드물고도 귀한 이 마음들은 그 누구보다 나의 행복이 가장 소중하다고 여기는 것으로부터 나온다. 고단한 현실이 벅찰 때, 도망가도 괜찮다고, 가끔 사라지고 싶은 생각이 들어도 괜찮다고, 나의 힘듦을 다른 사람의 그것과 비교하지 말라고 얘기하는 권라빈 작가의 글들을 가만히 읽어 보자. 어느 독자의 말처럼, ‘몰래 나를 들여다보고 오직 나만을 위해 써준 듯한’ 이 글들이 당신의 따스한 도피처가 되어줄 것이다. 여기 머무르며 잠시 쉬어가도 좋다','6','8',null,'집에 있는데도 집에 가고 싶어.PNG',null,120,'Y','book_file.pdf',null);
Insert into DREAM.BOOK (BOOK_NO,USER_ID,BOOK_TITLE,PRICE,BOOK_CONTENT,AUTHOR_CODE,CATEGORY_CODE,BOOK_TAG_CODE,BOOK_IMG_ORIGINAL_FILENAME,BOOK_IMG_RENAME_FILENAME,SALE_COUNT,DISPLAY_BOOK,BOOK_FILE_ORIGINAL_NAME,BOOK_FILE_RENAMED_NAME) values ('9788925561820','publisher5','가장 예쁜 생각을 너에게 주고 싶다',13000,'tvN 화제의 드라마 <로맨스는 별책부록>에서 우리의 마음을 설레게 만든 은호와 단이가 읽은 시가 수록된 이 책은 풀꽃 시인 나태주가 이 세상의 모든 따뜻한 언어들 중 고르고 고른 시 문장을 담아냈다. “우리는 한 사람씩 우주 공간을 흐르는 별이다. 머언 하늘 길을 떠돌다 길을 잘못 들어 여기 이렇게 와 있는 별들이다.”라는 시인의 언어를 시작으로 “아니다. 우리는 오래 전부터 서로 그리워하고 소망했기에 여기 이렇게 한자리에서 만나게 된 별들이다.”라는 아름다운 문장을 은호와 단이의 목소리로 전했다. 서로를 바라보는 애틋한 그들의 마음이 가장 잘 담겨 있는 시는 드라마 속 감동과 여운을 고스란히 간직할 수 있다.','11','9',null,'가장 예쁜 생각을 너에게 주고 싶다.PNG',null,3,'N','book_file.pdf',null);
Insert into DREAM.BOOK (BOOK_NO,USER_ID,BOOK_TITLE,PRICE,BOOK_CONTENT,AUTHOR_CODE,CATEGORY_CODE,BOOK_TAG_CODE,BOOK_IMG_ORIGINAL_FILENAME,BOOK_IMG_RENAME_FILENAME,SALE_COUNT,DISPLAY_BOOK,BOOK_FILE_ORIGINAL_NAME,BOOK_FILE_RENAMED_NAME) values ('9788932034942','moonandji','우리가 함께 장마를 볼 수도 있겠습니다',9000,'이 시집의 화자인 ‘나’는 기다리는 사람이다. 화자 ‘나’가 기다리는 것은 미래의 무언가가 아닌, 과거에 서로를 다정하게 호출했던 안부의 말, 금세 잊어버릴 수도 있었을 일상의 말들 등 과거에 이미 지나가버린 것들이다. 그렇게 ‘나’는 그 말들을 함께 나누었던 사람을 기다리면서, 화려하지는 않지만 당신이 먹으면 좋을 소박한 음식을 준비하며 현재의 시간을 충실히 보낸다.','13','9',null,'우리가 함께 장마를 볼 수도 있겠습니다.PNG',null,46,'N','book_file.pdf',null);
Insert into DREAM.BOOK (BOOK_NO,USER_ID,BOOK_TITLE,PRICE,BOOK_CONTENT,AUTHOR_CODE,CATEGORY_CODE,BOOK_TAG_CODE,BOOK_IMG_ORIGINAL_FILENAME,BOOK_IMG_RENAME_FILENAME,SALE_COUNT,DISPLAY_BOOK,BOOK_FILE_ORIGINAL_NAME,BOOK_FILE_RENAMED_NAME) values ('9788932037479','moonandji','당신은 언제 노래가 되지',9000,'올해 데뷔 햇수로 30년을 맞은 시인 허연의 다섯번째 시집 『당신은 언제 노래가 되지』가 문학과지성사에서 출간되었다. 1990년대 초입, 「권진규의 장례식」 외 일곱 편의 시로 현대시세계 신인상을 받으며 등장한 허연은 도시생활자 개인의 욕망과 공포를 선명하게 보여주며 새로운 세대의 출현을 알렸다. 1995년 그의 첫 시집 『불온한 검은 피』가 나온 뒤 “해설을 쓴 평론가는 죽었고 시를 쓴 시인은 사라졌다”라는 소문이 오래도록 무성했고, 수많은 불온한 청춘들이 이 시집을 필사하며 허연을 앓았다. 그가 13년의 긴 침묵을 깨고 두번째 시집 『나쁜 소년이 서 있다』로 시단에 돌아온 이후에는, 시인 특유의 젊고 세련된 감각을 유지하며 꾸준한 활동을 이어와 『내가 원하는 천사』 『오십 미터』까지 연이어 화제작을 출간했다. 이 여정에 대해 시인은 이번 시집 발문을 쓴 시인 박형준과의 서면 인터뷰에서 이렇게 회술했다.','18','9',null,'당신은 언제 노래가 되지.PNG',null,12,'N','book_file.pdf',null);
Insert into DREAM.BOOK (BOOK_NO,USER_ID,BOOK_TITLE,PRICE,BOOK_CONTENT,AUTHOR_CODE,CATEGORY_CODE,BOOK_TAG_CODE,BOOK_IMG_ORIGINAL_FILENAME,BOOK_IMG_RENAME_FILENAME,SALE_COUNT,DISPLAY_BOOK,BOOK_FILE_ORIGINAL_NAME,BOOK_FILE_RENAMED_NAME) values ('9788954671323','publisher2','제주에서 혼자 살고 술은 약해요',10000,'2018년 한국일보 신춘문예로 등단한 이원하 시인의 첫 시집을 펴낸다. 당시 “거두절미하고 읽게 만드는 직진성의 시였다. 노래처럼 흐를 줄 아는 시였다. 특유의 리듬감으로 춤을 추게도 하는 시였다. 도통 눈치란 걸 볼 줄 모르는 천진 속의 시였다. 근육질의 단문으로, 할말은 다 하고 보는 시였다. 무엇보다 ‘내’가 있는 시였다. 시라는 고정관념을 발로 차는 시였다. 시라는 그 어떤 강박 속에 도통 웅크려본 적이 없는 시였다. 어쨌거나 읽는 이들을 환히 웃게 하는 시였다”는 평가와 함께 심사위원 만장일치로 당선되었다. 그의 시는 ‘제주에서 혼자 살고 술은 약해요’라는 독특한 감각의 제목을 달고 있었고, 당선 직후 문단과 평단, 출판 관계자와 새로운 시를 기다린 독자들의 입에 제법 오르내리며 화제가 되었다. 국어국문과나 문예창작과를 나오지 않았고, 미용고를 졸업해 미용실 스태프로 일하고, 영화 〈아가씨〉에 뒷모습이 살짝 등장하는 보조 연기자로 살아온 이력도 한몫했다. 이십대 중반, 늦다면 늦은 때에 문학을 만나 시를 쓰기 위해 제주도로 내려가 산 것과 신춘문예에서 익숙하게 보아오던 형식을 완전히 벗어난 개성 역시. 그로부터 2년이 지났다. 이제 총 54편의 시를 아우르는 첫 시집의 제목으로 독자들을 새로이 마주한다, 『제주에서 혼자 살고 술은 약해요』','17','9',null,'제주에서 혼자 살고 술은 약해요.PNG',null,6,'N','book_file.pdf',null);
Insert into DREAM.BOOK (BOOK_NO,USER_ID,BOOK_TITLE,PRICE,BOOK_CONTENT,AUTHOR_CODE,CATEGORY_CODE,BOOK_TAG_CODE,BOOK_IMG_ORIGINAL_FILENAME,BOOK_IMG_RENAME_FILENAME,SALE_COUNT,DISPLAY_BOOK,BOOK_FILE_ORIGINAL_NAME,BOOK_FILE_RENAMED_NAME) values ('9788959139309','publisher8','어쩌면 별들이 너의 슬픔을 가져갈지도 몰라',12800,'‘섬진강 시인’이란 별칭으로 잘 알려진 시인 김용택이 여러 문인의 시를 직접 읽고 따라 써보며 ‘독자들도 꼭 한번은 따라 써보길 바라는 마음’으로 101편의 시를 엄선해 수록한 책이다. 책의 왼쪽 페이지에는 시의 원문을, 오른쪽 페이지에는 감성적인 디자인의 여백을 마련해 독자가 따라 쓰기 편하고 휴대 또한 간편하도록 구성해 새로운 형식인 감성치유 ‘라이팅북’에 누구나 어렵지 않게 접근할 수 있도록 만들었다.','9','9',null,'어쩌면 별들이 너의 슬픔을 가져갈지도 몰라.PNG',null,54,'N','book_file.pdf',null);
Insert into DREAM.BOOK (BOOK_NO,USER_ID,BOOK_TITLE,PRICE,BOOK_CONTENT,AUTHOR_CODE,CATEGORY_CODE,BOOK_TAG_CODE,BOOK_IMG_ORIGINAL_FILENAME,BOOK_IMG_RENAME_FILENAME,SALE_COUNT,DISPLAY_BOOK,BOOK_FILE_ORIGINAL_NAME,BOOK_FILE_RENAMED_NAME) values ('9788970638331','publisher7','지금 알고 있는 걸 그때도 알았더라면',9000,'시인 류시화가 엮은 잠언시집 『지금 알고 있는 걸 그때도 알았더라면』．인디언에서 수녀, 유대의 랍비, 회교의 신비주의 시인, 걸인, 에이즈 감염자, 가수 등 지역과 시대를 뛰어넘은 다양한 무명씨들의 고백록이나 기도문들을 모아 엮은 책이다. ‘행복해진다는 것’, ‘어느 17세기 수녀의 기도’, ‘만일’, ‘두 사람’, ‘잠시 후면’, ‘젊은 수도자에게’, ‘그런 길은 없다’ 등 지금과는 다른 새로운 삶을 원하는 사람, 새로운 존재를 영위하고 싶은 모든 사람들에게 자신의 삶의 방식에 대한 냉정한 관찰법과 웃음과 감동을 전해준다.','12','9',null,'지금 알고 있는 걸 그때도 알았더라면.PNG',null,4,'N','book_file.pdf',null);
Insert into DREAM.BOOK (BOOK_NO,USER_ID,BOOK_TITLE,PRICE,BOOK_CONTENT,AUTHOR_CODE,CATEGORY_CODE,BOOK_TAG_CODE,BOOK_IMG_ORIGINAL_FILENAME,BOOK_IMG_RENAME_FILENAME,SALE_COUNT,DISPLAY_BOOK,BOOK_FILE_ORIGINAL_NAME,BOOK_FILE_RENAMED_NAME) values ('9791157280292','publisher10','꽃을 보듯 너를 본다',10000,'나태주 시집 『꽃을 보듯 너를 본다』. 이 시집은 시인 나태주의 시 가운데 인터넷의 블로그나 트위터에서 자주 오르내리는 시들만 모아 엮은 책이다. ''내가 너를'', ''그 말'', ''좋다'', ''사랑에 답함'', ''바람 부는 날'', ''그리움'', ''못난이 인형'', ''허방다리'', ''첫눈'', ''섬'', ''느낌'', ''한 사람 건너'', ''사는 법'' 등 나태주 시인의 꾸밈없이 순수한, 그리고 주옥같은 시편을 수록하고 있다. 독자들은 시집에 담긴 시편들을 통해 시인의 시 세계를 엿볼 수 있을 것이다','11','9',null,'꽃을 보듯 너를 본다.PNG',null,3,'N','book_file.pdf',null);
Insert into DREAM.BOOK (BOOK_NO,USER_ID,BOOK_TITLE,PRICE,BOOK_CONTENT,AUTHOR_CODE,CATEGORY_CODE,BOOK_TAG_CODE,BOOK_IMG_ORIGINAL_FILENAME,BOOK_IMG_RENAME_FILENAME,SALE_COUNT,DISPLAY_BOOK,BOOK_FILE_ORIGINAL_NAME,BOOK_FILE_RENAMED_NAME) values ('9791170400097','publisher7','너와 함께라면 인생도 여행이다',13500,'반세기의 내공을 함축한 나태주의 시와 삶을 모두 훑는 놀라운 감동을 전하다!
세계적으로 알려진 일러스트 작가 오아물 루(Oamul Lu)의 새로운 표지, 그리고 나태주 시인이 그의 작품에 영감을 받아 쓴 헌정 시가 담긴 『너와 함께라면 인생도 여행이다』 여름 특별판이 출간됐다. 오아물 루는 평소 따뜻한 터치로 자연의 미묘한 색감과 생명력을 표현해오고 있는 중국 출신의 세계적인 일러스트레이터다. 이번 책에서는 그의 대표 작품 중 하나인 아련한 노을빛 감성이 담긴 그림이 표지가 되어 독자들의 시선을 사로잡는다. 서정성 짙은 표지 이미지는 나태주 시인의 따뜻하고, 배려 깊은 시 세계와도 닮아 있다.
','11','9',null,'너와 함께라면 인생도 여행이다.PNG',null,3,'N','book_file.pdf',null);
Insert into DREAM.BOOK (BOOK_NO,USER_ID,BOOK_TITLE,PRICE,BOOK_CONTENT,AUTHOR_CODE,CATEGORY_CODE,BOOK_TAG_CODE,BOOK_IMG_ORIGINAL_FILENAME,BOOK_IMG_RENAME_FILENAME,SALE_COUNT,DISPLAY_BOOK,BOOK_FILE_ORIGINAL_NAME,BOOK_FILE_RENAMED_NAME) values ('9791170400257','publisher3','카프카식 이별',14000,'“KBS-1FM 〈김미숙의 가정음악〉 오프닝 시로 낭송되어
아침 9시면 어김없이 애청자들을 라디오에 묶어두던
‘시’와 경쾌한 에스프리로 엮은 ‘시-이야기’ 시집, 『카프카식 이별』!!
뮤즈의 목소리로 아침마다 시를 읽어주는
배우 김미숙 진행자의 미성과 품격 깊은 시 낭송은
김경미 시인의 시와 조화되며 아름다운 공감을 불러 낸 하나의 예술품이다.”
','7','9',null,'카프카식 이별.PNG',null,6,'N','book_file.pdf',null);
Insert into DREAM.BOOK (BOOK_NO,USER_ID,BOOK_TITLE,PRICE,BOOK_CONTENT,AUTHOR_CODE,CATEGORY_CODE,BOOK_TAG_CODE,BOOK_IMG_ORIGINAL_FILENAME,BOOK_IMG_RENAME_FILENAME,SALE_COUNT,DISPLAY_BOOK,BOOK_FILE_ORIGINAL_NAME,BOOK_FILE_RENAMED_NAME) values ('9791186787250','publisher13','지나간다 다 지나간다',16000,'힘들 때 힘이 되는 글귀가 있습니다.
페이지마다 위로와 희망을 드립니다.
살며 살아가며 우리는 많은 난관과 역경에 부딪히며 살아간다.
그럴 때 마다 ‘삶이 참 어렵다’, ‘인생이 참 힘들다’ 같은 생각을 많이 하게 된다.
인생은 그런 과정을 통해 조금씩 성장하지만 현실에서의 성장통은 아픔을 넘어 암담하다.
','15','9',null,'지나간다 다 지나간다.PNG',null,95,'N','book_file.pdf',null);
Insert into DREAM.BOOK (BOOK_NO,USER_ID,BOOK_TITLE,PRICE,BOOK_CONTENT,AUTHOR_CODE,CATEGORY_CODE,BOOK_TAG_CODE,BOOK_IMG_ORIGINAL_FILENAME,BOOK_IMG_RENAME_FILENAME,SALE_COUNT,DISPLAY_BOOK,BOOK_FILE_ORIGINAL_NAME,BOOK_FILE_RENAMED_NAME) values ('9788931460575','woongjin','이기적 컴퓨터그래픽스운용기능사 실기 기본서(2020)',10000,'본 도서는 2020년도에 적용될 출제 기준안을 적극 반영하여, 컴퓨터그래픽스운용기능사를 준비하는 수험생들이 효과적으로 시험에 대비할 수 있도록 구성된 기본서입니다. 3개의 그래픽 프로그램을 4시간 안에 능숙하게 다뤄야 하는 시험에 맞서 시험장 입소 전 익혀야 할 ‘합격 가이드’와 실기시험 진행 과정을 철저히 분석하였습니다. 또한 기출 유형 문제 11회분을 통해 시험 유형을 파악할 수 있습니다. 더불어 무료 동영상 강의를 홈페이지를 통해 제공받을 수 있습니다.','18','11',null,'컴퓨터그래픽스운용기능사 실기 기본서.PNG',null,56,'N','book_file.pdf',null);
Insert into DREAM.BOOK (BOOK_NO,USER_ID,BOOK_TITLE,PRICE,BOOK_CONTENT,AUTHOR_CODE,CATEGORY_CODE,BOOK_TAG_CODE,BOOK_IMG_ORIGINAL_FILENAME,BOOK_IMG_RENAME_FILENAME,SALE_COUNT,DISPLAY_BOOK,BOOK_FILE_ORIGINAL_NAME,BOOK_FILE_RENAMED_NAME) values ('9788931461442','publisher4','이기적 GTQ 포토샵 1급 기본서 세트(2020)',16000,'본 도서는 GTQ 포토샵을 준비하는 수험생들이 효과적으로 시험에 대비할 수 있도록 구성된 기본서입니다. 포토샵 프로그램을 능숙하게 다뤄야 하는 시험에 맞서 시험장 입소 전 준비해야 할 GTQ 시험에 대해 안내하고 분석하였습니다. 홈페이지를 통해 저자가 직접 강의하는 무료 동영상 강좌를 시험에 합격할 때까지 제공받을 수 있습니다.','17','11',null,'gtq 포토샵 1급 기본서세트(2020).PNG',null,65,'N','book_file.pdf',null);
Insert into DREAM.BOOK (BOOK_NO,USER_ID,BOOK_TITLE,PRICE,BOOK_CONTENT,AUTHOR_CODE,CATEGORY_CODE,BOOK_TAG_CODE,BOOK_IMG_ORIGINAL_FILENAME,BOOK_IMG_RENAME_FILENAME,SALE_COUNT,DISPLAY_BOOK,BOOK_FILE_ORIGINAL_NAME,BOOK_FILE_RENAMED_NAME) values ('9788931462050','publisher6','이기적 네트워크관리사 1·2급 필기(이론+기출문제)',25000,'본 도서는 네트워크관리사 1급과 2급 필기 시험을 준비하는 분들이 효과적으로 시험에 대비할 수 있도록 구성된 도서입니다. 네트워크관리사 필기시험의 출제 기준과 출제된 기출문제를 자세히 분석하여 핵심 내용만 엄선하였고 과목과 섹션마다 개념을 정리할 수 있는 문제를 수록하여 이론을 제대로 숙지했는지 점검할 수 있습니다. 또한 본 도서는 1급과 2급 기출문제들을 자세한 해설과 함께 실어 네트워크관리사 필기 시험의 출제 경향을 쉽게 파악하고 실전 감각도 키울 수 있도록 구성하였습니다. 기출문제 외에도 홈페이지에서 제공하는 기출문제 풀이 동영상과 CBT 모의고사를 통해 시험직전까지 철저히 시험을 대비를 하시기 바랍니다. 네트워크관리사 필기와 관련하여 더 많은 정보는 저자가 운영하는 임베스트 네트워크관리사 홈페이지(www.net24.co.kr)에서 확인하실 수 있습니다.','7','11',null,'네트워크관리사 1,2급 필기.PNG',null,48,'N','book_file.pdf',null);
Insert into DREAM.BOOK (BOOK_NO,USER_ID,BOOK_TITLE,PRICE,BOOK_CONTENT,AUTHOR_CODE,CATEGORY_CODE,BOOK_TAG_CODE,BOOK_IMG_ORIGINAL_FILENAME,BOOK_IMG_RENAME_FILENAME,SALE_COUNT,DISPLAY_BOOK,BOOK_FILE_ORIGINAL_NAME,BOOK_FILE_RENAMED_NAME) values ('9791125468721','shf','빅데이터분석기사 필기 한권으로 끝내기(2020)',22000,'2020년 첫 시행! 빅데이터분석기사 첫 시험을 준비하는 수험생을 위한 첫 수험서!
ㆍ 한국산업인력공단 출제기준 반영
ㆍ 국가직무능력표준(NCS) 능력단위별 과목 구성
ㆍ 주요 항목별 확인문제와 장별 적중예상문제
ㆍ 빅데이터 분석과 인공지능 관련 최신 알고리즘의 주요 특징에 대한 내용 수록으로 실기시험 사전 대비
','10','11',null,'빅데이터분석기사 필기.PNG',null,97,'N','book_file.pdf',null);
Insert into DREAM.BOOK (BOOK_NO,USER_ID,BOOK_TITLE,PRICE,BOOK_CONTENT,AUTHOR_CODE,CATEGORY_CODE,BOOK_TAG_CODE,BOOK_IMG_ORIGINAL_FILENAME,BOOK_IMG_RENAME_FILENAME,SALE_COUNT,DISPLAY_BOOK,BOOK_FILE_ORIGINAL_NAME,BOOK_FILE_RENAMED_NAME) values ('9791158991395','woongjin','Step Up MOS 2016 Excel Expert',20000,'- 독자대상 : MOS 2016 Excel Expert 학습자 또는 자격시험 준비생
- 구성 : 이론 + 문제
- 특징 : 2017년 6월부터 시행된 MOS 2016 Excel Expert 시험의 평가항목에 필요한 기능을 익힐 수 있도록 구성
','13','11',null,'step up mos2016 excel expert.PNG',null,34,'N','book_file.pdf',null);
Insert into DREAM.BOOK (BOOK_NO,USER_ID,BOOK_TITLE,PRICE,BOOK_CONTENT,AUTHOR_CODE,CATEGORY_CODE,BOOK_TAG_CODE,BOOK_IMG_ORIGINAL_FILENAME,BOOK_IMG_RENAME_FILENAME,SALE_COUNT,DISPLAY_BOOK,BOOK_FILE_ORIGINAL_NAME,BOOK_FILE_RENAMED_NAME) values ('9791160508994','moonandji','시나공 총정리 컴퓨터활용능력 1급 필기(2020)',9000,'시험 날짜는 다가오는데 공부할 시간이 없다면? 시나공 총정리 시리즈!
합격에 꼭 필요한 핵심 개념을 짧게 공부하고 기출문제로 바로 확인시켜 지루하지 않게 학습할 수 있습니다.
','5','11',null,'시나공 컴퓨터활용능력 1급 필기.PNG',null,98,'N','book_file.pdf',null);
Insert into DREAM.BOOK (BOOK_NO,USER_ID,BOOK_TITLE,PRICE,BOOK_CONTENT,AUTHOR_CODE,CATEGORY_CODE,BOOK_TAG_CODE,BOOK_IMG_ORIGINAL_FILENAME,BOOK_IMG_RENAME_FILENAME,SALE_COUNT,DISPLAY_BOOK,BOOK_FILE_ORIGINAL_NAME,BOOK_FILE_RENAMED_NAME) values ('9791164541652','publisher7','해커스 전산회계 1급 이론+실기+기출문제(2020)',33000,'따라만 하면 3주 만에 합격!

1. 2020년 최신개정판! 전산회계 1급 최신 출제경향 완벽 반영
2. ''이론+실기+기출문제'' 한 권으로 3주 합격
3. 이론과 실기를 한 번에 잡는 ''이론+실기'' 연계학습
4. 합격에 가까워지는 동영상강의 총 83강 제공!
5. 따라만 해도 누구나 합격 가능한 실기편(KcLep 케이렙 프로그램) 구성
6. 합격의 키 포인트, 분개문제 완전 정복!
7. 시험장에 꼭 가져가야 할 〈빈출분개 100선 핵심 미니북〉 별책 제공
','6','11',null,'해커스 전산회계 1급.PNG',null,123,'N','book_file.pdf',null);
Insert into DREAM.BOOK (BOOK_NO,USER_ID,BOOK_TITLE,PRICE,BOOK_CONTENT,AUTHOR_CODE,CATEGORY_CODE,BOOK_TAG_CODE,BOOK_IMG_ORIGINAL_FILENAME,BOOK_IMG_RENAME_FILENAME,SALE_COUNT,DISPLAY_BOOK,BOOK_FILE_ORIGINAL_NAME,BOOK_FILE_RENAMED_NAME) values ('9791195480197','publisher10','ADsP 데이터 분석 준전문가(2020)',11000,'본 도서는 한국데이터베이스진흥원에서 실시하고 있는 『데이터 분석 전문가(ADP)』 자격증과 『데이터 분석 준전문가(ADsP)』 자격증을 준비하는 수험생들을 위한 도서이다. 2014년 4월 이후 시행된 자격증 시험의 기출문제를 분석하여 문제의 의도와 유형을 파악하여 중요한 내용을 표와 그림을 위주로 1과목 데이터의 이해, 2과목 데이터 분석 기획 그리고 3과목 데이터 분석의 내용을 정리하였다. 각 장에는 온라인/오프라인 강의에서 언급한 출제경향을 따로 표기하여 수험생들이 공부해야 하는 중심 내용을 체크해 주었다. 또한 각 장마다 기출문제 분석을 통해 다량의 예상문제를 수록하여 내용을 다시 점검할 수 있도록 하였다. 본 교재는 5회의 기출문제를 수록하여 실제 자격증 시험에 어떤 문제들이 어떤 식으로 나오는지를 확인할 수 있게 만들었고 2회의 모의고사를 수록하여 가상의 시험을 경험해 볼 수 있도록 제공하고 있다. 또한 본 도서는 모든 교육과정을 30일로 정리하여 수록하였으며, 30일간 차근차근 내용을 학습해 나간다면 누구나 합격할 수 있도록 가이드 하고 있다. 특히 합격마법노트를 통해 시험 전, 다시 한번 주요 내용들을 체크할 수 있도록 내용을 정리했고 QR코드를 활용해 문제풀이 동영상을 볼 수 있는 서비스를 제공한다.본 도서는 『데이터 분석 전문가(ADP)』 자격증과 『데이터 분석 준전문가(ADsP)』 자격증을 공부하는 모든 예비 전문가들에게 쉽고 빠르게 자격증을 취득할 수 있도록 도움을 줄 것이다.','14','11',null,'데이터분석 준전문가.PNG',null,26,'N','book_file.pdf',null);
Insert into DREAM.BOOK (BOOK_NO,USER_ID,BOOK_TITLE,PRICE,BOOK_CONTENT,AUTHOR_CODE,CATEGORY_CODE,BOOK_TAG_CODE,BOOK_IMG_ORIGINAL_FILENAME,BOOK_IMG_RENAME_FILENAME,SALE_COUNT,DISPLAY_BOOK,BOOK_FILE_ORIGINAL_NAME,BOOK_FILE_RENAMED_NAME) values ('9788965120926','publisher5','신 편머리 문법 기본편',12000,'편입영어의 단원별 핵심문법들을 숙지 후 풀도록 구성
- 독자대상 : 편입시험 준비생
- 구성 : 이론 + 문제 + 해설
- 특징 :
① 핵심문법을 단원별로 일목요연하게 정리
② 다양한 유형의 문제들을 단원마다 고르게 배치
③ 출제비중이 높은 문법단원은 테스트 회분을 늘려 충분히 연습할 수 있게 함
④ 모든 문제의 해설에는 출제포인트 태그를 달아 핵심에 빠르게 접근할 수 있도록 함
⑤ 특별한 주의가 필요한 오답 선택지에 대해서는 빠짐없이 오답해설 수록
','11','17',null,'신 편머리 문법.PNG',null,28,'N','book_file.pdf',null);
Insert into DREAM.BOOK (BOOK_NO,USER_ID,BOOK_TITLE,PRICE,BOOK_CONTENT,AUTHOR_CODE,CATEGORY_CODE,BOOK_TAG_CODE,BOOK_IMG_ORIGINAL_FILENAME,BOOK_IMG_RENAME_FILENAME,SALE_COUNT,DISPLAY_BOOK,BOOK_FILE_ORIGINAL_NAME,BOOK_FILE_RENAMED_NAME) values ('9788969651556','publisher7','해커스 20대기업 인적성 검사 최신기출유형+실전문제(2020)',12000,'한 권으로 끝내는 대기업 직무적성검사 기본서

1. 2020 최신판! 20대기업 인적성 검사 최신 출제경향 반영
2. 주요 20대기업 기출 유형 분석! 한 권으로 끝내는 대기업 직무적성검사 기본서 의 기출 유형을 철저하게 연구?
3. 56개 최신기출유형+약 680개 실전문제로 유형 학습부터 실전 대비까지!
4. 인적성 검사 완전 정복을 위한 체계적인 4단계 학습 시스템
5. 속도와 정확도를 동시에 높이는 문제 풀이 전략 및 상세한 해설 수록
6. 직무적성검사의 필수 이론 및 개념을 한 권으로 정리한 ''직무적성검사 필수 암기 핸드북'' 수록
7. 인성검사까지 한번에 해결하는 ‘인성검사 가이드’ 및 ‘인성검사 온라인 모의고사’ 제공
','15','17',null,'해커스 20대기업 인적성검사.PNG',null,99,'N','book_file.pdf',null);
Insert into DREAM.BOOK (BOOK_NO,USER_ID,BOOK_TITLE,PRICE,BOOK_CONTENT,AUTHOR_CODE,CATEGORY_CODE,BOOK_TAG_CODE,BOOK_IMG_ORIGINAL_FILENAME,BOOK_IMG_RENAME_FILENAME,SALE_COUNT,DISPLAY_BOOK,BOOK_FILE_ORIGINAL_NAME,BOOK_FILE_RENAMED_NAME) values ('9791125469049','publisher10','All New NCS 인천국제공항공사 봉투모의고사 6회분(2020)',20000,'[도서 특징]
인천국제공항공사 직업기초능력평가 문제 유형 완벽 반영!
직업기초능력평가 직렬별(사무/관제직, 기술직) 구분 수록!
1. 인천국제공항공사 기업 및 채용 분석 가이드 제공
2. 시험 직전 최종 점검이 가능한 직업기초능력평가 모의고사 4회분 구성
3. 직업기초능력평가 60문항 65분 맞춤 구성!
4. 온라인 모의고사 2회분 제공
5. 정확하고 자세한 해설로 혼자서 학습이 가능하도록 구성
','6','17',null,'인천국제공항공사 봉투모의고사 6회분.PNG',null,98,'N','book_file.pdf',null);
Insert into DREAM.BOOK (BOOK_NO,USER_ID,BOOK_TITLE,PRICE,BOOK_CONTENT,AUTHOR_CODE,CATEGORY_CODE,BOOK_TAG_CODE,BOOK_IMG_ORIGINAL_FILENAME,BOOK_IMG_RENAME_FILENAME,SALE_COUNT,DISPLAY_BOOK,BOOK_FILE_ORIGINAL_NAME,BOOK_FILE_RENAMED_NAME) values ('9791159629754','publisher2','네친구 장정훈 경찰학개론 Sub Note 최종정리(신정판 11판)',10000,'V 이 책의 특징
한권으로 고득점이 가능한 체계적인 핵심정리
새로운 출제유형에 최적화된 내용정리
최근 개정법령 완벽반영
','12','17',null,'네친구 장정훈 경찰학개론.PNG',null,66,'N','book_file.pdf',null);
Insert into DREAM.BOOK (BOOK_NO,USER_ID,BOOK_TITLE,PRICE,BOOK_CONTENT,AUTHOR_CODE,CATEGORY_CODE,BOOK_TAG_CODE,BOOK_IMG_ORIGINAL_FILENAME,BOOK_IMG_RENAME_FILENAME,SALE_COUNT,DISPLAY_BOOK,BOOK_FILE_ORIGINAL_NAME,BOOK_FILE_RENAMED_NAME) values ('9788950970888','h_bird','비하인드 도어',15000,'완벽한 저녁 식사 파티가 끝나고 현관문이 닫히면, 저택은 누구도 탈출할 수 없을 단단한 금속 셔터로 차단된다. 공포와 비명소리에 희열을 느끼는 그의 목표는 그레이스의 동생 밀리. 그녀는 괴물 같은 그의 손길이 사랑하는 동생 밀리에게 닿기 전에 이 악몽을 끝내려 하는데……. 잭이라는 악을 만나며, 자신이 사랑하는 것들을 지키기 위해 점차 강한 존재가 되어 가는 그레이스의 이야기는 희생자가 되거나 수동적인 여성이 아닌 주체가 되어 자신의 소중한 것을 지켜내려 치밀해진 한 여성의 힘겨운 싸움의 기록이기도 하다.','16','4',null,'브라인드 도어.jpg',null,65,'N','book_file.pdf',null);
Insert into DREAM.BOOK (BOOK_NO,USER_ID,BOOK_TITLE,PRICE,BOOK_CONTENT,AUTHOR_CODE,CATEGORY_CODE,BOOK_TAG_CODE,BOOK_IMG_ORIGINAL_FILENAME,BOOK_IMG_RENAME_FILENAME,SALE_COUNT,DISPLAY_BOOK,BOOK_FILE_ORIGINAL_NAME,BOOK_FILE_RENAMED_NAME) values ('9788950975524','woongjin','브레이크 다운',14500,'“그날 밤 차 안의 그 여자,
그때는 살아 있었을지도 몰라.”
그날 이후, 죄책감과 공포감으로 둘러싸인 악몽이 시작됐다!
폭우가 쏟아지는 여름밤. 위험하다는 남편의 경고를 무시하고 숲속으로 난 지름길로 차를 몰던 캐시는 멈춰 서 있는 차 안의 여자와 마주친다. 이상한 징후를 느꼈지만 왠지 모를 두려움에 그대로 지나쳐 가고, 집에 도착한 다음에는 신고하는 것도 잊어버린다. 그리고 다음 날 아침, 그 숲길에서 한 여자가 시체로 발견되었다는 뉴스를 접한 캐시는 엄청난 죄책감에 휩싸인다. 게다가 그 사건 이후 말 없는 전화가 매일같이 걸려오기 시작한다. 누군가 계속 자신을 주시하고 있다는 숨 막히는 공포감과 자신 때문에 그 여자가 죽었다는 죄책감 사이에서 정신은 피폐해져 간다. 점차 자신의 판단과 기억조차 믿을 수 없어진다. 의지했던 남편과 친구마저 지쳐가고, 결국은 스스로를 의심하는 상태에 이른 캐시는 어느 날 삶을 뒤흔들어놓는 진실과 마주한다.','10','4',null,'브레이크 다운.jpg',null,76,'N','book_file.pdf',null);
Insert into DREAM.BOOK (BOOK_NO,USER_ID,BOOK_TITLE,PRICE,BOOK_CONTENT,AUTHOR_CODE,CATEGORY_CODE,BOOK_TAG_CODE,BOOK_IMG_ORIGINAL_FILENAME,BOOK_IMG_RENAME_FILENAME,SALE_COUNT,DISPLAY_BOOK,BOOK_FILE_ORIGINAL_NAME,BOOK_FILE_RENAMED_NAME) values ('9788950981365','publisher4','브링 미 백',13000,'첫눈에 반한 연인 핀과 레일라. 서로를 완벽한 연인이라고 생각하며 사랑하던 그들은 프랑스로 여행을 떠난다. 도로변 주차장에서 핀이 화장실을 다녀오는 사이 레일라가 흔적도 없이 사라진다. 그녀가 남긴 것은 늘 부적처럼 지니고 다니던 작은 러시아 인형뿐. 적어도 핀이 경찰에 진술한 대로는 그렇다. 그날 이후 평온했던 일상의 모든 것이 뒤바뀌고 함께 꿈꾸었던 미래도 사라진다. 12년 후, 핀은 레일라의 언니 엘런과 약혼한다.','18','4',null,'브링 미 백.jpg',null,54,'N','book_file.pdf',null);
Insert into DREAM.BOOK (BOOK_NO,USER_ID,BOOK_TITLE,PRICE,BOOK_CONTENT,AUTHOR_CODE,CATEGORY_CODE,BOOK_TAG_CODE,BOOK_IMG_ORIGINAL_FILENAME,BOOK_IMG_RENAME_FILENAME,SALE_COUNT,DISPLAY_BOOK,BOOK_FILE_ORIGINAL_NAME,BOOK_FILE_RENAMED_NAME) values ('9788965746898','publisher6','사일런트 페이션트',15000,'화가와 사진가로 활동하는 예술가 부부 앨리샤 베런슨과 가브리엘 베런슨. 정열적으로 활동하는 남편과는 달리 앨리샤는 슬럼프에 빠져 아무것도 하지 못하는 나날이 이어지고, 가브리엘은 그런 아내를 위해 검은색 가죽 표지에 하얀 백지가 묶인 자그마한 노트를 선물해주었다. 그리고 앨리샤는 자신의 일상을 기록하며 지친 마음을 어루만진다. 그러던 어느 날 앨리샤가 남편을 살해한 혐의로 기소된다. 가브리엘이 일을 마치고 늦게 귀가한 날, 앨리샤가 그의 얼굴에 다섯 발이나 총을 쏴버린 것이다.

남편을 살해한 후 앨리샤는 침묵에 빠져들고 가정의 비극은 대중의 호기심을 자아내면서 언론에 대서특필되는 등 훨씬 큰 사건으로 변질된다. 앨리샤는 남편을 살해한 희대의 악녀로 악명을 떨치고 그녀가 그린 그림은 가격이 천정부지로 치솟는다. ‘침묵의 환자’ 앨리샤는 오래전부터 정신적인 문제를 앓고 있었다는 이유로 북런던에 있는 정신질환 범죄자 감호 병원인 ‘그로브’에 수감되고, 범죄 심리상담가 테오 파버는 앨리샤의 이야기를 접한 후 그녀의 치료를 담당하고 싶다는 욕망에 사로잡힌다. 굳게 닫힌 앨리샤의 입을 열게 만들고 그녀가 왜 남편을 죽였는지에 대한 수수께끼를 풀겠다는 테오의 결심은 상상할 수 없을 정도로 끔찍하고 기대하지 않았던 방향으로 그를 끌고 가는데…….
','13','4',null,'사일런트 페이션트.jpg',null,34,'N','book_file.pdf',null);
Insert into DREAM.BOOK (BOOK_NO,USER_ID,BOOK_TITLE,PRICE,BOOK_CONTENT,AUTHOR_CODE,CATEGORY_CODE,BOOK_TAG_CODE,BOOK_IMG_ORIGINAL_FILENAME,BOOK_IMG_RENAME_FILENAME,SALE_COUNT,DISPLAY_BOOK,BOOK_FILE_ORIGINAL_NAME,BOOK_FILE_RENAMED_NAME) values ('9788971848722','shf','나를 찾아줘',13500,'결혼 5주년이 되던 날, 아내가 사라졌다!
인간 내면의 어두운 모습을 묘사한 심리 스릴러 『나를 찾아줘』. 《그 여자의 살인법》으로 CWA 스틸 대거상과 뉴 블러드 대거상을 동시에 수상했던 길리언 플린의 작품으로, 2013 에드거상 후보에 올랐다. 리즈 위더스푼과 데이비드 핀처가 주목하여 영화화가 예정되기도 했다. 결혼기념일 아침에 갑자기 사라진 아내와 그녀의 살인범으로 지목된 남편의 이야기를 통해 ‘사랑하는 사람의 진짜 모습을 알게 되었을 때 어떤 선택을 할 것인가’ 라는 질문을 던진다.
','14','4',null,'나를 찾아줘.PNG',null,46,'N','book_file.pdf',null);
Insert into DREAM.BOOK (BOOK_NO,USER_ID,BOOK_TITLE,PRICE,BOOK_CONTENT,AUTHOR_CODE,CATEGORY_CODE,BOOK_TAG_CODE,BOOK_IMG_ORIGINAL_FILENAME,BOOK_IMG_RENAME_FILENAME,SALE_COUNT,DISPLAY_BOOK,BOOK_FILE_ORIGINAL_NAME,BOOK_FILE_RENAMED_NAME) values ('9788982738562','woongjin','나는 전설이다',13000,'지구에 핵전쟁과 세균 전쟁이라는 대재앙이 지나간 후, 전 인류가 낮을 싫어하고 인간의 피를 빨아먹는 돌연변이 흡혈귀로 변한다. 주인공 네빌은 운좋게 살아남았지만 아내와 딸, 주변 지역의 모든 사람들이 죽어 흡혈귀가 된 암울한 상황에 처한다. 인류가 멸망하고 흡혈귀가 날뛰는 세상임에도 네빌의 하루 일상은 평온하던 시절과 다르지 않게 반복적이며, 죽을때까지 지속될 지긋지긋한 일상은 차라리 죽거나 흡혈귀가 되는 것보다 더 괴롭고 암울하다. 리처드 매드슨은 이러한 설정을 통해 1950년대 미국의 중산층 남성이 전쟁 후 겪은 일상의 공포를 패러디하며, 흡혈귀들의 세상에 혼자 남은 인간으로서 네빌이 보여주는 마지막 선택은 정상과 비정상에 대한 관념들이 뒤집히는 미래상을 암시한다.','5','4',null,'나는 전설이다.jpg',null,6,'N','book_file.pdf',null);
Insert into DREAM.BOOK (BOOK_NO,USER_ID,BOOK_TITLE,PRICE,BOOK_CONTENT,AUTHOR_CODE,CATEGORY_CODE,BOOK_TAG_CODE,BOOK_IMG_ORIGINAL_FILENAME,BOOK_IMG_RENAME_FILENAME,SALE_COUNT,DISPLAY_BOOK,BOOK_FILE_ORIGINAL_NAME,BOOK_FILE_RENAMED_NAME) values ('9788983924464','arte','메이즈 러너',16000,'과거의 기억을 삭제당한 채 거대한 미로 속에 감금된 소년들의 생존과 탈출을 그린 작품 『메이즈 러너』. 액션과 서스펜스가 가미된 스릴러 소설로, 《트와일라잇》의 캐서린 하드윅 감독에 의해 영화화될 예정이다. 폐쇄 공간에서 깨어난 소년 토머스. 일반적인 지식은 머릿속에 남아 있지만, 자신의 개인적인 부분에 대해서는 아무것도 생각나지 않는다. 그때 천장이 열리면서 또래의 소년들에게 끌어올려진 그는 엄청난 크기의 벽에 둘러싸인 미로에 도착한다. 30일마다 새로운 소년이 엘리베이터를 통해 그곳에 보내지고, 어디선가 물이나 음식 등이 공급된다. 그곳에 갇힌 소년들은 매일 미로 속으로 뛰어들어 탈출구를 알려줄 지도를 완성시켜나간다. 어느 날, 처음으로 여자아이가 나타나 자신이 그곳에 오게 될 마지막 사람이며 앞으로 음식과 필요 물품이 중단될 거라고 알린다. 소년들은 선택과 생존의 기로에 놓이는데….','6','4',null,'메이즈러너.jpg',null,45,'N','book_file.pdf',null);
Insert into DREAM.BOOK (BOOK_NO,USER_ID,BOOK_TITLE,PRICE,BOOK_CONTENT,AUTHOR_CODE,CATEGORY_CODE,BOOK_TAG_CODE,BOOK_IMG_ORIGINAL_FILENAME,BOOK_IMG_RENAME_FILENAME,SALE_COUNT,DISPLAY_BOOK,BOOK_FILE_ORIGINAL_NAME,BOOK_FILE_RENAMED_NAME) values ('9791156756552','publisher11','죽여 마땅한 사람들',9000,'차분하고 치밀하게 자신만의 방식으로 심판에 나서는 한 여자의 이야기!
낯선 공간에서 우연히 만난 두 남녀가 서로 내밀한 사생활을 털어놓으며 이야기가 시작되는 소설 『죽여 마땅한 사람들』. 저자는 이 작품에서 피가 흘러넘치는 잔혹함도 누가 봐도 나쁘다고 손가락질할 사람이 아닌 우리 주변에 하나쯤 있을 만한 사람들을 모아서 그들 사이에 일어날 수 있는 일, 그들이 증오를 처리하는 방식을 제시한다. 작품 속 인물들은 용서할 수 없기에 복수를 계획하고 실행한다, 비록 살인일지라도.
','7','4',null,'죽여 마땅한 사람들.jpg',null,89,'N','book_file.pdf',null);
Insert into DREAM.BOOK (BOOK_NO,USER_ID,BOOK_TITLE,PRICE,BOOK_CONTENT,AUTHOR_CODE,CATEGORY_CODE,BOOK_TAG_CODE,BOOK_IMG_ORIGINAL_FILENAME,BOOK_IMG_RENAME_FILENAME,SALE_COUNT,DISPLAY_BOOK,BOOK_FILE_ORIGINAL_NAME,BOOK_FILE_RENAMED_NAME) values ('9791158790943','publisher12','죽음을 선택한 남자',10000,'FBI의 거점 후버 빌딩 앞에서 정장을 차려입은 백인 남성이 한 여자를 총으로 쏜 후 자신의 머리에도 총알을 박아 넣는다. 사건이 워싱턴에 있는 FBI 본부 앞에서 일어났기에 에이머스 데커와 그의 동료들이 사건을 떠맡는 건 당연한 수순. 정확히 어떠한 일이 벌어졌으며, 누가 그 범죄를 저질렀느냐에 대해서는 의심의 여지가 없다. 문제는 왜 그가 그런 일을 저질렀느냐, 이다.

가해자는 FBI 프로젝트와 관련된 컨설팅 회사를 경영하는 사장이고, 거대한 부와 행복한 가족을 영위하며 이제껏 살아왔다. 희생자는 지역 호스피스 병동에서 자원봉사를 하는 가톨릭 학교의 여교사이다. 외관상으로 그들 두 사람 사이에는 아무런 공통점이 없다. 사건을 직접 목도한 에이머스 데커 역시 이번 살인 사건은 도무지 이해할 수가 없다. 사건에 대해 깊이 파고들면 파고들수록 분명해지는 사실이 하나 있다면, 뭔가 큰 힘이, 아주 거대한 어둠의 세력이 관여하고 있다는 것뿐인데…….
','11','4',null,'죽음을 선택한 남자.jpg',null,24,'N','book_file.pdf',null);

--COMMENTS TABLE
Insert into DREAM.COMMENTS (COMMENT_NO,COMMENT_CONTENT,COMMENT_DATE,BOOK_NO,USER_ID) values (seq_comments.nextval,'저의 소소한 일상에 활력을 불어 넣어 주었으며 용기도 주었습니다. 다양한 맥주의 모양과 맛을 머릿속에 그려가며 간접적으로 경험도 했습니다',to_date('20/07/17','RR/MM/DD'),'9788950986780','juwon');
Insert into DREAM.COMMENTS (COMMENT_NO,COMMENT_CONTENT,COMMENT_DATE,BOOK_NO,USER_ID) values (seq_comments.nextval,'세탁소 옆집을 읽으며 하고 싶은일도, 가고 싶은 곳도 떠올랐다',to_date('20/07/17','RR/MM/DD'),'9788950986780','user1');
Insert into DREAM.COMMENTS (COMMENT_NO,COMMENT_CONTENT,COMMENT_DATE,BOOK_NO,USER_ID) values (seq_comments.nextval,'이 책의 두 주인장이 부럽다는 생각이 먼저든다. 자신의 본업이 아닌 사이드잡에도 이렇게 재미를 부여할 수 있는 것은 쉽지 않기 때문이다. 이렇게 취미나 모임 또는 좋아하고 즐거워하는 일을 생산적인 일로 전환하는 것은 더욱 어려운 일이라는 것을 안다',to_date('20/07/17','RR/MM/DD'),'9788950986780','dmswl');
Insert into DREAM.COMMENTS (COMMENT_NO,COMMENT_CONTENT,COMMENT_DATE,BOOK_NO,USER_ID) values (seq_comments.nextval,'호그와트 다음으로 가보고 싶은 환상의 세계를 선물했다',to_date('20/07/17','RR/MM/DD'),'9791165341053','user1');
Insert into DREAM.COMMENTS (COMMENT_NO,COMMENT_CONTENT,COMMENT_DATE,BOOK_NO,USER_ID) values (seq_comments.nextval,'책에 등장인물 설정이나 전개 모두 정말 흥미로운데 번역 때문에 책에 대한 몰입도 아쉬워요',to_date('20/07/17','RR/MM/DD'),'9791158791070','user1');
Insert into DREAM.COMMENTS (COMMENT_NO,COMMENT_CONTENT,COMMENT_DATE,BOOK_NO,USER_ID) values (seq_comments.nextval,'무조건읽어야한다. 역시.하루종일 놓을수없었다. 13시간 푹빠져읽었다',to_date('20/07/17','RR/MM/DD'),'9788984373853','user1');
Insert into DREAM.COMMENTS (COMMENT_NO,COMMENT_CONTENT,COMMENT_DATE,BOOK_NO,USER_ID) values (seq_comments.nextval,'돌이켜보니 온통 아름다웠습니다',to_date('20/07/17','RR/MM/DD'),'9788901242668','user1');
Insert into DREAM.COMMENTS (COMMENT_NO,COMMENT_CONTENT,COMMENT_DATE,BOOK_NO,USER_ID) values (seq_comments.nextval,'도움이 많이 됐어요',to_date('20/07/17','RR/MM/DD'),'9788988474846','zzanggu');
Insert into DREAM.COMMENTS (COMMENT_NO,COMMENT_CONTENT,COMMENT_DATE,BOOK_NO,USER_ID) values (seq_comments.nextval,'소설은 참 오랜만에 만난 것 같다. 달달 했다가 안타까웠다가 화가 났다가 감동적으로 끝난다. 드라마로 방영해도 재미있을 것 같단 생각을 하며 읽었다.',to_date('20/07/17','RR/MM/DD'),'9788947545655','user1');
Insert into DREAM.COMMENTS (COMMENT_NO,COMMENT_CONTENT,COMMENT_DATE,BOOK_NO,USER_ID) values (seq_comments.nextval,'지인에게 추천하고 싶은 책이예요',to_date('20/07/17','RR/MM/DD'),'9788901242668','zzanggu');
Insert into DREAM.COMMENTS (COMMENT_NO,COMMENT_CONTENT,COMMENT_DATE,BOOK_NO,USER_ID) values (seq_comments.nextval,'참신한 소재로 엮은 소소하고 따뜻한 이야기들',to_date('20/07/17','RR/MM/DD'),'9791165341053','zzanggu');
Insert into DREAM.COMMENTS (COMMENT_NO,COMMENT_CONTENT,COMMENT_DATE,BOOK_NO,USER_ID) values (seq_comments.nextval,'재밌네요',to_date('20/07/17','RR/MM/DD'),'9788947545655','zzanggu');
Insert into DREAM.COMMENTS (COMMENT_NO,COMMENT_CONTENT,COMMENT_DATE,BOOK_NO,USER_ID) values (seq_comments.nextval,'존잼',to_date('20/07/17','RR/MM/DD'),'9791165341053','juwon');

--TAG TABLE
Insert into DREAM.TAG (TAG_CODE,TAG_NAME,BOOK_NO,USER_ID) values (seq_tag.nextval,'존잼','9788950986780','juwon');
Insert into DREAM.TAG (TAG_CODE,TAG_NAME,BOOK_NO,USER_ID) values (seq_tag.nextval,'서재에 꽂아두고 싶은 책','9788950986780','user1');
Insert into DREAM.TAG (TAG_CODE,TAG_NAME,BOOK_NO,USER_ID) values (seq_tag.nextval,'소장각','9788950986780','user1');
Insert into DREAM.TAG (TAG_CODE,TAG_NAME,BOOK_NO,USER_ID) values (seq_tag.nextval,'읽다보니 아침','9788950986780','user1');
Insert into DREAM.TAG (TAG_CODE,TAG_NAME,BOOK_NO,USER_ID) values (seq_tag.nextval,'인생도서','9788947545655','user1');
Insert into DREAM.TAG (TAG_CODE,TAG_NAME,BOOK_NO,USER_ID) values (seq_tag.nextval,'소장각','9788947545655','user1');
Insert into DREAM.TAG (TAG_CODE,TAG_NAME,BOOK_NO,USER_ID) values (seq_tag.nextval,'읽다보니아침','9788947545655','user1');
Insert into DREAM.TAG (TAG_CODE,TAG_NAME,BOOK_NO,USER_ID) values (seq_tag.nextval,'띵책','9788984373853','user1');
Insert into DREAM.TAG (TAG_CODE,TAG_NAME,BOOK_NO,USER_ID) values (seq_tag.nextval,'제목이다했다','9791158791070','user1');
Insert into DREAM.TAG (TAG_CODE,TAG_NAME,BOOK_NO,USER_ID) values (seq_tag.nextval,'읽다보니시간삭제','9788984373853','user1');
Insert into DREAM.TAG (TAG_CODE,TAG_NAME,BOOK_NO,USER_ID) values (seq_tag.nextval,'재밌게힐링한','9788901242668','user1');
Insert into DREAM.TAG (TAG_CODE,TAG_NAME,BOOK_NO,USER_ID) values (seq_tag.nextval,'기대이상이에요','9788901242668','user1');
Insert into DREAM.TAG (TAG_CODE,TAG_NAME,BOOK_NO,USER_ID) values (seq_tag.nextval,'왜이제알았지','9791165341053','zzanggu');
Insert into DREAM.TAG (TAG_CODE,TAG_NAME,BOOK_NO,USER_ID) values (seq_tag.nextval,'쪽집게','9788988474846','zzanggu');
Insert into DREAM.TAG (TAG_CODE,TAG_NAME,BOOK_NO,USER_ID) values (seq_tag.nextval,'띵책','9791165341053','juwon');
Insert into DREAM.TAG (TAG_CODE,TAG_NAME,BOOK_NO,USER_ID) values (seq_tag.nextval,'서재에꽂아두고싶은책','9788947545655','user1');
Insert into DREAM.TAG (TAG_CODE,TAG_NAME,BOOK_NO,USER_ID) values (seq_tag.nextval,'로맨스','9788947545655','user1');
Insert into DREAM.TAG (TAG_CODE,TAG_NAME,BOOK_NO,USER_ID) values (seq_tag.nextval,'공감','9791165341053','user1');
Insert into DREAM.TAG (TAG_CODE,TAG_NAME,BOOK_NO,USER_ID) values (seq_tag.nextval,'재탕각','9791165341053','user1');
Insert into DREAM.TAG (TAG_CODE,TAG_NAME,BOOK_NO,USER_ID) values (seq_tag.nextval,'공포','9791158791070','user1');
Insert into DREAM.TAG (TAG_CODE,TAG_NAME,BOOK_NO,USER_ID) values (seq_tag.nextval,'번역이엉망','9791158791070','user1');
Insert into DREAM.TAG (TAG_CODE,TAG_NAME,BOOK_NO,USER_ID) values (seq_tag.nextval,'이소설을영화로','9788984373853','user1');
Insert into DREAM.TAG (TAG_CODE,TAG_NAME,BOOK_NO,USER_ID) values (seq_tag.nextval,'나를돌아보는시간','9788901242668','user1');
Insert into DREAM.TAG (TAG_CODE,TAG_NAME,BOOK_NO,USER_ID) values (seq_tag.nextval,'제목이다했다','9791165341053','zzanggu');
Insert into DREAM.TAG (TAG_CODE,TAG_NAME,BOOK_NO,USER_ID) values (seq_tag.nextval,'어른들을위한동화','9791165341053','zzanggu');
Insert into DREAM.TAG (TAG_CODE,TAG_NAME,BOOK_NO,USER_ID) values (seq_tag.nextval,'표지부터소장각','9791165341053','zzanggu');
Insert into DREAM.TAG (TAG_CODE,TAG_NAME,BOOK_NO,USER_ID) values (seq_tag.nextval,'굿굿','9788988474846','zzanggu');
Insert into DREAM.TAG (TAG_CODE,TAG_NAME,BOOK_NO,USER_ID) values (seq_tag.nextval,'존잼','9788947545655','user1');
Insert into DREAM.TAG (TAG_CODE,TAG_NAME,BOOK_NO,USER_ID) values (seq_tag.nextval,'소설','9788947545655','user1');
Insert into DREAM.TAG (TAG_CODE,TAG_NAME,BOOK_NO,USER_ID) values (seq_tag.nextval,'위로','9791165341053','user1');
Insert into DREAM.TAG (TAG_CODE,TAG_NAME,BOOK_NO,USER_ID) values (seq_tag.nextval,'띵책','9791158791070','user1');
Insert into DREAM.TAG (TAG_CODE,TAG_NAME,BOOK_NO,USER_ID) values (seq_tag.nextval,'술술읽혀요','9788901242668','user1');
Insert into DREAM.TAG (TAG_CODE,TAG_NAME,BOOK_NO,USER_ID) values (seq_tag.nextval,'띵책','9788901242668','zzanggu');
Insert into DREAM.TAG (TAG_CODE,TAG_NAME,BOOK_NO,USER_ID) values (seq_tag.nextval,'후루룩읽기좋은책','9791165341053','zzanggu');
Insert into DREAM.TAG (TAG_CODE,TAG_NAME,BOOK_NO,USER_ID) values (seq_tag.nextval,'꿈잼핵잼','9791165341053','zzanggu');

--주문서 (주문번호(P), 구매자아이디(F), 주문날짜, 취소여부)
Insert into DREAM.ORDERS (ORDER_NO,USER_ID,ORDER_DATE,CANCEL_YN) values ('20200714192041049','user1',to_date('20/07/10','RR/MM/DD'),'N');
Insert into DREAM.ORDERS (ORDER_NO,USER_ID,ORDER_DATE,CANCEL_YN) values ('20200704192041049','user1',to_date('20/07/17','RR/MM/DD'),'Y');
Insert into DREAM.ORDERS (ORDER_NO,USER_ID,ORDER_DATE,CANCEL_YN) values ('20200717151938193','zzanggu',to_date('20/07/17','RR/MM/DD'),'N');
Insert into DREAM.ORDERS (ORDER_NO,USER_ID,ORDER_DATE,CANCEL_YN) values ('20200717180756025','juwon',to_date('20/07/08','RR/MM/DD'),'Y');
Insert into DREAM.ORDERS (ORDER_NO,USER_ID,ORDER_DATE,CANCEL_YN) values ('20200717180949493','dmswl',to_date('20/07/17','RR/MM/DD'),'N');
Insert into DREAM.ORDERS (ORDER_NO,USER_ID,ORDER_DATE,CANCEL_YN) values ('20200717180950290','dmswl',to_date('20/07/17','RR/MM/DD'),'Y');
Insert into DREAM.ORDERS (ORDER_NO,USER_ID,ORDER_DATE,CANCEL_YN) values ('20200719032049688','yanghee',to_date('20/07/19','RR/MM/DD'),'N');
Insert into DREAM.ORDERS (ORDER_NO,USER_ID,ORDER_DATE,CANCEL_YN) values ('20200720164049816','user1',to_date('20/07/20','RR/MM/DD'),'N');
Insert into DREAM.ORDERS (ORDER_NO,USER_ID,ORDER_DATE,CANCEL_YN) values ('20200720164241107','juwon',to_date('20/07/20','RR/MM/DD'),'N');
Insert into DREAM.ORDERS (ORDER_NO,USER_ID,ORDER_DATE,CANCEL_YN) values ('20200720164434368','zzanggu',to_date('20/07/20','RR/MM/DD'),'N');


--주문내역서 (시퀀스(P), 주문번호(F), 도서번호)
IInsert into DREAM.ORDER_BOOK (ORDER_BOOK_NO,ORDER_NO,BOOK_NO) values (seq_orderbook.nextval,'20200714192041049','9791158883737');
Insert into DREAM.ORDER_BOOK (ORDER_BOOK_NO,ORDER_NO,BOOK_NO) values (seq_orderbook.nextval,'20200714192041049','9788950986780');
Insert into DREAM.ORDER_BOOK (ORDER_BOOK_NO,ORDER_NO,BOOK_NO) values (seq_orderbook.nextval,'20200714192041049','9791157675005');
Insert into DREAM.ORDER_BOOK (ORDER_BOOK_NO,ORDER_NO,BOOK_NO) values (seq_orderbook.nextval,'20200704192041049','9791133434510');
Insert into DREAM.ORDER_BOOK (ORDER_BOOK_NO,ORDER_NO,BOOK_NO) values (seq_orderbook.nextval,'20200704192041049','9791185051093');
Insert into DREAM.ORDER_BOOK (ORDER_BOOK_NO,ORDER_NO,BOOK_NO) values (seq_orderbook.nextval,'20200714192041049','9788998274412');
Insert into DREAM.ORDER_BOOK (ORDER_BOOK_NO,ORDER_NO,BOOK_NO) values (seq_orderbook.nextval,'20200714192041049','9788950986780');
Insert into DREAM.ORDER_BOOK (ORDER_BOOK_NO,ORDER_NO,BOOK_NO) values (seq_orderbook.nextval,'20200714192041049','9788947545655');
Insert into DREAM.ORDER_BOOK (ORDER_BOOK_NO,ORDER_NO,BOOK_NO) values (seq_orderbook.nextval,'20200704192041049','9791188862290');
Insert into DREAM.ORDER_BOOK (ORDER_BOOK_NO,ORDER_NO,BOOK_NO) values (seq_orderbook.nextval,'20200704192041049','9788983924464');
Insert into DREAM.ORDER_BOOK (ORDER_BOOK_NO,ORDER_NO,BOOK_NO) values (seq_orderbook.nextval,'20200717151938193','9791190826037');
Insert into DREAM.ORDER_BOOK (ORDER_BOOK_NO,ORDER_NO,BOOK_NO) values (seq_orderbook.nextval,'20200717151938193','9791157675005');
Insert into DREAM.ORDER_BOOK (ORDER_BOOK_NO,ORDER_NO,BOOK_NO) values (seq_orderbook.nextval,'20200717151938193','9788925561820');
Insert into DREAM.ORDER_BOOK (ORDER_BOOK_NO,ORDER_NO,BOOK_NO) values (seq_orderbook.nextval,'20200717180756025','9788950975524');
Insert into DREAM.ORDER_BOOK (ORDER_BOOK_NO,ORDER_NO,BOOK_NO) values (seq_orderbook.nextval,'20200717180756025','9788901242668');
Insert into DREAM.ORDER_BOOK (ORDER_BOOK_NO,ORDER_NO,BOOK_NO) values (seq_orderbook.nextval,'20200717180949493','9788932920337');
Insert into DREAM.ORDER_BOOK (ORDER_BOOK_NO,ORDER_NO,BOOK_NO) values (seq_orderbook.nextval,'20200717180949493','9788901242668');
Insert into DREAM.ORDER_BOOK (ORDER_BOOK_NO,ORDER_NO,BOOK_NO) values (seq_orderbook.nextval,'20200717180950290','9788932920337');
Insert into DREAM.ORDER_BOOK (ORDER_BOOK_NO,ORDER_NO,BOOK_NO) values (seq_orderbook.nextval,'20200717180950290','9788901242668');
Insert into DREAM.ORDER_BOOK (ORDER_BOOK_NO,ORDER_NO,BOOK_NO) values (seq_orderbook.nextval,'20200719032049688','9788901242668');
Insert into DREAM.ORDER_BOOK (ORDER_BOOK_NO,ORDER_NO,BOOK_NO) values (seq_orderbook.nextval,'20200719032049688','9791157675005');
Insert into DREAM.ORDER_BOOK (ORDER_BOOK_NO,ORDER_NO,BOOK_NO) values (seq_orderbook.nextval,'20200720164049816','9791158886386');
Insert into DREAM.ORDER_BOOK (ORDER_BOOK_NO,ORDER_NO,BOOK_NO) values (seq_orderbook.nextval,'20200720164049816','9788950986780');
Insert into DREAM.ORDER_BOOK (ORDER_BOOK_NO,ORDER_NO,BOOK_NO) values (seq_orderbook.nextval,'20200720164049816','9788931462050');
Insert into DREAM.ORDER_BOOK (ORDER_BOOK_NO,ORDER_NO,BOOK_NO) values (seq_orderbook.nextval,'20200720164049816','9791164543120');
Insert into DREAM.ORDER_BOOK (ORDER_BOOK_NO,ORDER_NO,BOOK_NO) values (seq_orderbook.nextval,'20200720164241107','9788954672733');
Insert into DREAM.ORDER_BOOK (ORDER_BOOK_NO,ORDER_NO,BOOK_NO) values (seq_orderbook.nextval,'20200720164434368','9791196624767');

--insert into order_book values(seq_orderbook.nextval, ?, ?)

commit;


-----------------------------------------